timeStamp,elapsed,label,responseCode,responseMessage,threadName,dataType,success,failureMessage,bytes,sentBytes,grpThreads,allThreads,URL,Latency,IdleTime,Connect
1788999849811,1715,POST /documents,200,OK,Pruebas carga 1-1,text,true,,259,1146,1,1,https://document-service.redbush-a66713c9.centralus.azurecontainerapps.io/documents,1714,0,227
1788999851769,312,POST /documents,200,OK,Pruebas carga 1-2,text,true,,259,1146,2,2,https://document-service.redbush-a66713c9.centralus.azurecontainerapps.io/documents,311,0,185
1788999852139,123,POST /documents,200,OK,Pruebas carga 1-2,text,true,,259,1146,2,2,https://document-service.redbush-a66713c9.centralus.azurecontainerapps.io/documents,122,0,0
1788999851545,1496,POST /documents,200,OK,Pruebas carga 1-1,text,true,,259,1146,2,2,https://document-service.redbush-a66713c9.centralus.azurecontainerapps.io/documents,1495,0,0
1788999852301,837,POST /documents,200,OK,Pruebas carga 1-2,text,true,,259,1146,2,2,https://document-service.redbush-a66713c9.centralus.azurecontainerapps.io/documents,837,0,0
1788999853105,145,POST /documents,200,OK,Pruebas carga 1-1,text,true,,259,1146,2,2,https://document-service.redbush-a66713c9.centralus.azurecontainerapps.io/documents,145,0,0
1788999853254,130,POST /documents,200,OK,Pruebas carga 1-1,text,true,,259,1146,2,2,https://document-service.redbush-a66713c9.centralus.azurecontainerapps.io/documents,130,0,0
1788999853237,184,POST /documents,200,OK,Pruebas carga 1-2,text,true,,259,1146,2,2,https://document-service.redbush-a66713c9.centralus.azurecontainerapps.io/documents,184,0,0
1788999853477,117,POST /documents,200,OK,Pruebas carga 1-2,text,true,,259,1146,2,2,https://document-service.redbush-a66713c9.centralus.azurecontainerapps.io/documents,116,0,0
1788999853443,223,POST /documents,200,OK,Pruebas carga 1-1,text,true,,259,1146,2,2,https://document-service.redbush-a66713c9.centralus.azurecontainerapps.io/documents,222,0,0
1788999853620,209,POST /documents,200,OK,Pruebas carga 1-2,text,true,,259,1146,3,3,https://document-service.redbush-a66713c9.centralus.azurecontainerapps.io/documents,148,0,0
1788999853707,201,POST /documents,200,OK,Pruebas carga 1-1,text,true,,259,1146,3,3,https://document-service.redbush-a66713c9.centralus.azurecontainerapps.io/documents,200,0,0
1788999853857,212,POST /documents,200,OK,Pruebas carga 1-2,text,true,,259,1146,3,3,https://document-service.redbush-a66713c9.centralus.azurecontainerapps.io/documents,212,0,0
1788999853968,125,POST /documents,200,OK,Pruebas carga 1-1,text,true,,259,1146,3,3,https://document-service.redbush-a66713c9.centralus.azurecontainerapps.io/documents,125,0,0
1788999853792,430,POST /documents,200,OK,Pruebas carga 1-3,text,true,,259,1146,3,3,https://document-service.redbush-a66713c9.centralus.azurecontainerapps.io/documents,429,0,193
1788999854147,123,POST /documents,200,OK,Pruebas carga 1-2,text,true,,259,1146,3,3,https://document-service.redbush-a66713c9.centralus.azurecontainerapps.io/documents,118,0,0
1788999854107,208,POST /documents,200,OK,Pruebas carga 1-1,text,true,,259,1146,3,3,https://document-service.redbush-a66713c9.centralus.azurecontainerapps.io/documents,207,0,0
1788999854314,130,POST /documents,200,OK,Pruebas carga 1-3,text,true,,259,1146,3,3,https://document-service.redbush-a66713c9.centralus.azurecontainerapps.io/documents,123,0,0
1788999854317,135,POST /documents,200,OK,Pruebas carga 1-1,text,true,,259,1146,3,3,https://document-service.redbush-a66713c9.centralus.azurecontainerapps.io/documents,131,0,0
1788999854343,136,POST /documents,200,OK,Pruebas carga 1-2,text,true,,259,1146,3,3,https://document-service.redbush-a66713c9.centralus.azurecontainerapps.io/documents,136,0,0
1788999854532,123,POST /documents,200,OK,Pruebas carga 1-1,text,true,,259,1146,3,3,https://document-service.redbush-a66713c9.centralus.azurecontainerapps.io/documents,122,0,0
1788999854535,123,POST /documents,200,OK,Pruebas carga 1-3,text,true,,259,1146,3,3,https://document-service.redbush-a66713c9.centralus.azurecontainerapps.io/documents,123,0,0
1788999854517,221,POST /documents,200,OK,Pruebas carga 1-2,text,true,,259,1146,3,3,https://document-service.redbush-a66713c9.centralus.azurecontainerapps.io/documents,221,0,0
1788999854728,135,POST /documents,200,OK,Pruebas carga 1-1,text,true,,259,1146,3,3,https://document-service.redbush-a66713c9.centralus.azurecontainerapps.io/documents,135,0,0
1788999854701,215,POST /documents,200,OK,Pruebas carga 1-3,text,true,,259,1146,3,3,https://document-service.redbush-a66713c9.centralus.azurecontainerapps.io/documents,215,0,0
1788999854812,116,POST /documents,200,OK,Pruebas carga 1-2,text,true,,259,1146,3,3,https://document-service.redbush-a66713c9.centralus.azurecontainerapps.io/documents,115,0,0
1788999854958,131,POST /documents,200,OK,Pruebas carga 1-3,text,true,,259,1146,3,3,https://document-service.redbush-a66713c9.centralus.azurecontainerapps.io/documents,130,0,0
1788999854993,119,POST /documents,200,OK,Pruebas carga 1-2,text,true,,259,1146,3,3,https://document-service.redbush-a66713c9.centralus.azurecontainerapps.io/documents,119,0,0
1788999854954,296,POST /documents,200,OK,Pruebas carga 1-1,text,true,,259,1146,3,3,https://document-service.redbush-a66713c9.centralus.azurecontainerapps.io/documents,296,0,0
1788999855173,127,POST /documents,200,OK,Pruebas carga 1-3,text,true,,259,1146,3,3,https://document-service.redbush-a66713c9.centralus.azurecontainerapps.io/documents,126,0,0
1788999855273,125,POST /documents,200,OK,Pruebas carga 1-1,text,true,,259,1146,3,3,https://document-service.redbush-a66713c9.centralus.azurecontainerapps.io/documents,125,0,0
1788999855165,250,POST /documents,200,OK,Pruebas carga 1-2,text,true,,259,1146,3,3,https://document-service.redbush-a66713c9.centralus.azurecontainerapps.io/documents,250,0,0
1788999855416,158,POST /documents,200,OK,Pruebas carga 1-2,text,true,,259,1146,3,3,https://document-service.redbush-a66713c9.centralus.azurecontainerapps.io/documents,158,0,0
1788999855352,260,POST /documents,200,OK,Pruebas carga 1-3,text,true,,259,1146,3,3,https://document-service.redbush-a66713c9.centralus.azurecontainerapps.io/documents,259,0,0
1788999855490,131,POST /documents,200,OK,Pruebas carga 1-1,text,true,,259,1146,3,3,https://document-service.redbush-a66713c9.centralus.azurecontainerapps.io/documents,131,0,0
1788999855618,122,POST /documents,200,OK,Pruebas carga 1-2,text,true,,259,1146,3,3,https://document-service.redbush-a66713c9.centralus.azurecontainerapps.io/documents,121,0,0
1788999855702,116,POST /documents,200,OK,Pruebas carga 1-3,text,true,,259,1146,4,4,https://document-service.redbush-a66713c9.centralus.azurecontainerapps.io/documents,116,0,0
1788999855621,288,POST /documents,200,OK,Pruebas carga 1-1,text,true,,259,1146,4,4,https://document-service.redbush-a66713c9.centralus.azurecontainerapps.io/documents,288,0,0
1788999855859,125,POST /documents,200,OK,Pruebas carga 1-3,text,true,,259,1146,4,4,https://document-service.redbush-a66713c9.centralus.azurecontainerapps.io/documents,125,0,0
1788999855759,300,POST /documents,200,OK,Pruebas carga 1-4,text,true,,259,1146,4,4,https://document-service.redbush-a66713c9.centralus.azurecontainerapps.io/documents,300,0,184
1788999855965,118,POST /documents,200,OK,Pruebas carga 1-1,text,true,,259,1146,4,4,https://document-service.redbush-a66713c9.centralus.azurecontainerapps.io/documents,118,0,0
1788999855820,323,POST /documents,200,OK,Pruebas carga 1-2,text,true,,259,1146,4,4,https://document-service.redbush-a66713c9.centralus.azurecontainerapps.io/documents,322,0,0
1788999856136,129,POST /documents,200,OK,Pruebas carga 1-1,text,true,,259,1146,4,4,https://document-service.redbush-a66713c9.centralus.azurecontainerapps.io/documents,129,0,0
1788999856011,290,POST /documents,200,OK,Pruebas carga 1-3,text,true,,259,1146,4,4,https://document-service.redbush-a66713c9.centralus.azurecontainerapps.io/documents,290,0,0
1788999856151,180,POST /documents,200,OK,Pruebas carga 1-4,text,true,,259,1146,4,4,https://document-service.redbush-a66713c9.centralus.azurecontainerapps.io/documents,180,0,0
1788999856167,254,POST /documents,200,OK,Pruebas carga 1-2,text,true,,259,1146,4,4,https://document-service.redbush-a66713c9.centralus.azurecontainerapps.io/documents,254,0,0
1788999856400,170,POST /documents,200,OK,Pruebas carga 1-3,text,true,,259,1146,4,4,https://document-service.redbush-a66713c9.centralus.azurecontainerapps.io/documents,128,0,0
1788999856478,117,POST /documents,200,OK,Pruebas carga 1-2,text,true,,259,1146,4,4,https://document-service.redbush-a66713c9.centralus.azurecontainerapps.io/documents,117,0,0
1788999856432,193,POST /documents,200,OK,Pruebas carga 1-4,text,true,,259,1146,4,4,https://document-service.redbush-a66713c9.centralus.azurecontainerapps.io/documents,193,0,0
1788999856338,364,POST /documents,200,OK,Pruebas carga 1-1,text,true,,259,1146,4,4,https://document-service.redbush-a66713c9.centralus.azurecontainerapps.io/documents,363,0,0
1788999856636,167,POST /documents,200,OK,Pruebas carga 1-3,text,true,,259,1146,4,4,https://document-service.redbush-a66713c9.centralus.azurecontainerapps.io/documents,167,0,0
1788999856730,118,POST /documents,200,OK,Pruebas carga 1-4,text,true,,259,1146,4,4,https://document-service.redbush-a66713c9.centralus.azurecontainerapps.io/documents,118,0,0
1788999856667,247,POST /documents,200,OK,Pruebas carga 1-2,text,true,,259,1146,4,4,https://document-service.redbush-a66713c9.centralus.azurecontainerapps.io/documents,247,0,0
1788999856775,160,POST /documents,200,OK,Pruebas carga 1-1,text,true,,259,1146,4,4,https://document-service.redbush-a66713c9.centralus.azurecontainerapps.io/documents,160,0,0
1788999856869,157,POST /documents,200,OK,Pruebas carga 1-4,text,true,,259,1146,4,4,https://document-service.redbush-a66713c9.centralus.azurecontainerapps.io/documents,157,0,0
1788999856961,126,POST /documents,200,OK,Pruebas carga 1-1,text,true,,259,1146,4,4,https://document-service.redbush-a66713c9.centralus.azurecontainerapps.io/documents,126,0,0
1788999856837,364,POST /documents,200,OK,Pruebas carga 1-3,text,true,,259,1146,4,4,https://document-service.redbush-a66713c9.centralus.azurecontainerapps.io/documents,364,0,0
1788999857098,116,POST /documents,200,OK,Pruebas carga 1-4,text,true,,259,1146,4,4,https://document-service.redbush-a66713c9.centralus.azurecontainerapps.io/documents,116,0,0
1788999857224,124,POST /documents,200,OK,Pruebas carga 1-4,text,true,,259,1146,4,4,https://document-service.redbush-a66713c9.centralus.azurecontainerapps.io/documents,124,0,0
1788999857239,121,POST /documents,200,OK,Pruebas carga 1-3,text,true,,259,1146,4,4,https://document-service.redbush-a66713c9.centralus.azurecontainerapps.io/documents,116,0,0
1788999856945,457,POST /documents,200,OK,Pruebas carga 1-2,text,true,,259,1146,4,4,https://document-service.redbush-a66713c9.centralus.azurecontainerapps.io/documents,456,0,0
1788999857098,309,POST /documents,200,OK,Pruebas carga 1-1,text,true,,259,1146,4,4,https://document-service.redbush-a66713c9.centralus.azurecontainerapps.io/documents,308,0,0
1788999857382,128,POST /documents,200,OK,Pruebas carga 1-4,text,true,,259,1146,4,4,https://document-service.redbush-a66713c9.centralus.azurecontainerapps.io/documents,128,0,0
1788999857412,114,POST /documents,200,OK,Pruebas carga 1-2,text,true,,259,1146,4,4,https://document-service.redbush-a66713c9.centralus.azurecontainerapps.io/documents,114,0,0
1788999857428,122,POST /documents,200,OK,Pruebas carga 1-3,text,true,,259,1146,4,4,https://document-service.redbush-a66713c9.centralus.azurecontainerapps.io/documents,122,0,0
1788999857444,116,POST /documents,200,OK,Pruebas carga 1-1,text,true,,259,1146,4,4,https://document-service.redbush-a66713c9.centralus.azurecontainerapps.io/documents,116,0,0
1788999857537,115,POST /documents,200,OK,Pruebas carga 1-2,text,true,,259,1146,4,4,https://document-service.redbush-a66713c9.centralus.azurecontainerapps.io/documents,114,0,0
1788999857551,127,POST /documents,200,OK,Pruebas carga 1-4,text,true,,259,1146,4,4,https://document-service.redbush-a66713c9.centralus.azurecontainerapps.io/documents,127,0,0
1788999857708,115,POST /documents,200,OK,Pruebas carga 1-2,text,true,,259,1146,5,5,https://document-service.redbush-a66713c9.centralus.azurecontainerapps.io/documents,114,0,0
1788999857646,176,POST /documents,200,OK,Pruebas carga 1-1,text,true,,259,1146,5,5,https://document-service.redbush-a66713c9.centralus.azurecontainerapps.io/documents,176,0,0
1788999857599,224,POST /documents,200,OK,Pruebas carga 1-3,text,true,,259,1146,5,5,https://document-service.redbush-a66713c9.centralus.azurecontainerapps.io/documents,223,0,0
1788999857739,127,POST /documents,200,OK,Pruebas carga 1-4,text,true,,259,1146,5,5,https://document-service.redbush-a66713c9.centralus.azurecontainerapps.io/documents,127,0,0
1788999857879,117,POST /documents,200,OK,Pruebas carga 1-3,text,true,,259,1146,5,5,https://document-service.redbush-a66713c9.centralus.azurecontainerapps.io/documents,117,0,0
1788999857879,171,POST /documents,200,OK,Pruebas carga 1-4,text,true,,259,1146,5,5,https://document-service.redbush-a66713c9.centralus.azurecontainerapps.io/documents,171,0,0
1788999857865,185,POST /documents,200,OK,Pruebas carga 1-1,text,true,,259,1146,5,5,https://document-service.redbush-a66713c9.centralus.azurecontainerapps.io/documents,127,0,0
1788999857926,124,POST /documents,200,OK,Pruebas carga 1-2,text,true,,259,1146,5,5,https://document-service.redbush-a66713c9.centralus.azurecontainerapps.io/documents,124,0,0
1788999857818,314,POST /documents,200,OK,Pruebas carga 1-5,text,true,,259,1146,5,5,https://document-service.redbush-a66713c9.centralus.azurecontainerapps.io/documents,314,0,196
1788999858051,125,POST /documents,200,OK,Pruebas carga 1-1,text,true,,259,1146,5,5,https://document-service.redbush-a66713c9.centralus.azurecontainerapps.io/documents,123,0,0
1788999858066,124,POST /documents,200,OK,Pruebas carga 1-2,text,true,,259,1146,5,5,https://document-service.redbush-a66713c9.centralus.azurecontainerapps.io/documents,122,0,0
1788999858066,167,POST /documents,200,OK,Pruebas carga 1-4,text,true,,259,1146,5,5,https://document-service.redbush-a66713c9.centralus.azurecontainerapps.io/documents,166,0,0
1788999858066,179,POST /documents,200,OK,Pruebas carga 1-3,text,true,,259,1146,5,5,https://document-service.redbush-a66713c9.centralus.azurecontainerapps.io/documents,179,0,0
1788999858222,112,POST /documents,200,OK,Pruebas carga 1-2,text,true,,259,1146,5,5,https://document-service.redbush-a66713c9.centralus.azurecontainerapps.io/documents,112,0,0
1788999858222,125,POST /documents,200,OK,Pruebas carga 1-5,text,true,,259,1146,5,5,https://document-service.redbush-a66713c9.centralus.azurecontainerapps.io/documents,125,0,0
1788999858283,119,POST /documents,200,OK,Pruebas carga 1-3,text,true,,259,1146,5,5,https://document-service.redbush-a66713c9.centralus.azurecontainerapps.io/documents,119,0,0
1788999858283,119,POST /documents,200,OK,Pruebas carga 1-4,text,true,,259,1146,5,5,https://document-service.redbush-a66713c9.centralus.azurecontainerapps.io/documents,119,0,0
1788999858237,181,POST /documents,200,OK,Pruebas carga 1-1,text,true,,259,1146,5,5,https://document-service.redbush-a66713c9.centralus.azurecontainerapps.io/documents,181,0,0
1788999858434,116,POST /documents,200,OK,Pruebas carga 1-2,text,true,,259,1146,5,5,https://document-service.redbush-a66713c9.centralus.azurecontainerapps.io/documents,116,0,0
1788999858419,131,POST /documents,200,OK,Pruebas carga 1-5,text,true,,259,1146,5,5,https://document-service.redbush-a66713c9.centralus.azurecontainerapps.io/documents,131,0,0
1788999858465,112,POST /documents,200,OK,Pruebas carga 1-3,text,true,,259,1146,5,5,https://document-service.redbush-a66713c9.centralus.azurecontainerapps.io/documents,112,0,0
1788999858495,110,POST /documents,200,OK,Pruebas carga 1-4,text,true,,259,1146,5,5,https://document-service.redbush-a66713c9.centralus.azurecontainerapps.io/documents,110,0,0
1788999858465,180,POST /documents,200,OK,Pruebas carga 1-1,text,true,,259,1146,5,5,https://document-service.redbush-a66713c9.centralus.azurecontainerapps.io/documents,180,0,0
1788999858587,122,POST /documents,200,OK,Pruebas carga 1-5,text,true,,259,1146,5,5,https://document-service.redbush-a66713c9.centralus.azurecontainerapps.io/documents,122,0,0
1788999858617,190,POST /documents,200,OK,Pruebas carga 1-2,text,true,,259,1146,5,5,https://document-service.redbush-a66713c9.centralus.azurecontainerapps.io/documents,190,0,0
1788999858632,196,POST /documents,200,OK,Pruebas carga 1-3,text,true,,259,1146,5,5,https://document-service.redbush-a66713c9.centralus.azurecontainerapps.io/documents,196,0,0
1788999858711,117,POST /documents,200,OK,Pruebas carga 1-4,text,true,,259,1146,5,5,https://document-service.redbush-a66713c9.centralus.azurecontainerapps.io/documents,117,0,0
1788999858773,117,POST /documents,200,OK,Pruebas carga 1-5,text,true,,259,1146,5,5,https://document-service.redbush-a66713c9.centralus.azurecontainerapps.io/documents,117,0,0
1788999858742,172,POST /documents,200,OK,Pruebas carga 1-1,text,true,,259,1146,5,5,https://document-service.redbush-a66713c9.centralus.azurecontainerapps.io/documents,172,0,0
1788999858834,111,POST /documents,200,OK,Pruebas carga 1-4,text,true,,259,1146,5,5,https://document-service.redbush-a66713c9.centralus.azurecontainerapps.io/documents,111,0,0
1788999858881,116,POST /documents,200,OK,Pruebas carga 1-2,text,true,,259,1146,5,5,https://document-service.redbush-a66713c9.centralus.azurecontainerapps.io/documents,116,0,0
1788999858915,120,POST /documents,200,OK,Pruebas carga 1-1,text,true,,259,1146,5,5,https://document-service.redbush-a66713c9.centralus.azurecontainerapps.io/documents,118,0,0
1788999858925,115,POST /documents,200,OK,Pruebas carga 1-3,text,true,,259,1146,5,5,https://document-service.redbush-a66713c9.centralus.azurecontainerapps.io/documents,115,0,0
1788999858988,120,POST /documents,200,OK,Pruebas carga 1-5,text,true,,259,1146,5,5,https://document-service.redbush-a66713c9.centralus.azurecontainerapps.io/documents,120,0,0
1788999859003,115,POST /documents,200,OK,Pruebas carga 1-4,text,true,,259,1146,5,5,https://document-service.redbush-a66713c9.centralus.azurecontainerapps.io/documents,115,0,0
1788999859018,110,POST /documents,200,OK,Pruebas carga 1-2,text,true,,259,1146,5,5,https://document-service.redbush-a66713c9.centralus.azurecontainerapps.io/documents,109,0,0
1788999859050,164,POST /documents,200,OK,Pruebas carga 1-1,text,true,,259,1146,5,5,https://document-service.redbush-a66713c9.centralus.azurecontainerapps.io/documents,164,0,0
1788999859081,145,POST /documents,200,OK,Pruebas carga 1-3,text,true,,259,1146,5,5,https://document-service.redbush-a66713c9.centralus.azurecontainerapps.io/documents,145,0,0
1788999859144,115,POST /documents,200,OK,Pruebas carga 1-2,text,true,,259,1146,5,5,https://document-service.redbush-a66713c9.centralus.azurecontainerapps.io/documents,115,0,0
1788999859190,130,POST /documents,200,OK,Pruebas carga 1-4,text,true,,259,1146,5,5,https://document-service.redbush-a66713c9.centralus.azurecontainerapps.io/documents,130,0,0
1788999859159,169,POST /documents,200,OK,Pruebas carga 1-5,text,true,,259,1146,5,5,https://document-service.redbush-a66713c9.centralus.azurecontainerapps.io/documents,169,0,0
1788999859252,123,POST /documents,200,OK,Pruebas carga 1-1,text,true,,259,1146,5,5,https://document-service.redbush-a66713c9.centralus.azurecontainerapps.io/documents,122,0,0
1788999859282,140,POST /documents,200,OK,Pruebas carga 1-2,text,true,,259,1146,5,5,https://document-service.redbush-a66713c9.centralus.azurecontainerapps.io/documents,140,0,0
1788999859267,165,POST /documents,200,OK,Pruebas carga 1-3,text,true,,259,1146,5,5,https://document-service.redbush-a66713c9.centralus.azurecontainerapps.io/documents,164,0,0
1788999859358,113,POST /documents,200,OK,Pruebas carga 1-4,text,true,,259,1146,5,5,https://document-service.redbush-a66713c9.centralus.azurecontainerapps.io/documents,113,0,0
1788999859421,119,POST /documents,200,OK,Pruebas carga 1-1,text,true,,259,1146,5,5,https://document-service.redbush-a66713c9.centralus.azurecontainerapps.io/documents,119,0,0
1788999859436,119,POST /documents,200,OK,Pruebas carga 1-5,text,true,,259,1146,5,5,https://document-service.redbush-a66713c9.centralus.azurecontainerapps.io/documents,119,0,0
1788999859528,111,POST /documents,200,OK,Pruebas carga 1-4,text,true,,259,1146,5,5,https://document-service.redbush-a66713c9.centralus.azurecontainerapps.io/documents,109,0,0
1788999859467,240,POST /documents,200,OK,Pruebas carga 1-2,text,true,,259,1146,5,5,https://document-service.redbush-a66713c9.centralus.azurecontainerapps.io/documents,239,0,0
1788999859467,241,POST /documents,200,OK,Pruebas carga 1-3,text,true,,259,1146,5,5,https://document-service.redbush-a66713c9.centralus.azurecontainerapps.io/documents,239,0,0
1788999859636,126,POST /documents,200,OK,Pruebas carga 1-5,text,true,,259,1146,6,6,https://document-service.redbush-a66713c9.centralus.azurecontainerapps.io/documents,126,0,0
1788999859636,175,POST /documents,200,OK,Pruebas carga 1-1,text,true,,259,1146,6,6,https://document-service.redbush-a66713c9.centralus.azurecontainerapps.io/documents,173,0,0
1788999859727,114,POST /documents,200,OK,Pruebas carga 1-4,text,true,,259,1146,6,6,https://document-service.redbush-a66713c9.centralus.azurecontainerapps.io/documents,114,0,0
1788999859758,118,POST /documents,200,OK,Pruebas carga 1-3,text,true,,259,1146,6,6,https://document-service.redbush-a66713c9.centralus.azurecontainerapps.io/documents,118,0,0
1788999859789,169,POST /documents,200,OK,Pruebas carga 1-2,text,true,,259,1146,6,6,https://document-service.redbush-a66713c9.centralus.azurecontainerapps.io/documents,161,0,0
1788999859835,123,POST /documents,200,OK,Pruebas carga 1-5,text,true,,259,1146,6,6,https://document-service.redbush-a66713c9.centralus.azurecontainerapps.io/documents,123,0,0
1788999859881,134,POST /documents,200,OK,Pruebas carga 1-1,text,true,,259,1146,6,6,https://document-service.redbush-a66713c9.centralus.azurecontainerapps.io/documents,134,0,0
1788999859929,125,POST /documents,200,OK,Pruebas carga 1-3,text,true,,259,1146,6,6,https://document-service.redbush-a66713c9.centralus.azurecontainerapps.io/documents,125,0,0
1788999859896,171,POST /documents,200,OK,Pruebas carga 1-4,text,true,,259,1146,6,6,https://document-service.redbush-a66713c9.centralus.azurecontainerapps.io/documents,119,0,0
1788999860040,113,POST /documents,200,OK,Pruebas carga 1-2,text,true,,259,1146,6,6,https://document-service.redbush-a66713c9.centralus.azurecontainerapps.io/documents,112,0,0
1788999860040,133,POST /documents,200,OK,Pruebas carga 1-5,text,true,,259,1146,6,6,https://document-service.redbush-a66713c9.centralus.azurecontainerapps.io/documents,133,0,0
1788999859852,336,POST /documents,200,OK,Pruebas carga 1-6,text,true,,259,1146,6,6,https://document-service.redbush-a66713c9.centralus.azurecontainerapps.io/documents,336,0,198
1788999860069,123,POST /documents,200,OK,Pruebas carga 1-1,text,true,,259,1146,6,6,https://document-service.redbush-a66713c9.centralus.azurecontainerapps.io/documents,123,0,0
1788999860209,112,POST /documents,200,OK,Pruebas carga 1-2,text,true,,259,1146,6,6,https://document-service.redbush-a66713c9.centralus.azurecontainerapps.io/documents,112,0,0
1788999860240,141,POST /documents,200,OK,Pruebas carga 1-1,text,true,,259,1146,6,6,https://document-service.redbush-a66713c9.centralus.azurecontainerapps.io/documents,141,0,0
1788999860272,120,POST /documents,200,OK,Pruebas carga 1-5,text,true,,259,1146,6,6,https://document-service.redbush-a66713c9.centralus.azurecontainerapps.io/documents,120,0,0
1788999860069,329,POST /documents,200,OK,Pruebas carga 1-3,text,true,,259,1146,6,6,https://document-service.redbush-a66713c9.centralus.azurecontainerapps.io/documents,283,0,0
1788999860116,332,POST /documents,200,OK,Pruebas carga 1-4,text,true,,259,1146,6,6,https://document-service.redbush-a66713c9.centralus.azurecontainerapps.io/documents,332,0,0
1788999860335,115,POST /documents,200,OK,Pruebas carga 1-2,text,true,,259,1146,6,6,https://document-service.redbush-a66713c9.centralus.azurecontainerapps.io/documents,115,0,0
1788999860413,121,POST /documents,200,OK,Pruebas carga 1-1,text,true,,259,1146,6,6,https://document-service.redbush-a66713c9.centralus.azurecontainerapps.io/documents,121,0,0
1788999860194,357,POST /documents,200,OK,Pruebas carga 1-6,text,true,,259,1146,6,6,https://document-service.redbush-a66713c9.centralus.azurecontainerapps.io/documents,356,0,0
1788999860444,115,POST /documents,200,OK,Pruebas carga 1-3,text,true,,259,1146,6,6,https://document-service.redbush-a66713c9.centralus.azurecontainerapps.io/documents,115,0,0
1788999860522,116,POST /documents,200,OK,Pruebas carga 1-4,text,true,,259,1146,6,6,https://document-service.redbush-a66713c9.centralus.azurecontainerapps.io/documents,116,0,0
1788999860538,122,POST /documents,200,OK,Pruebas carga 1-1,text,true,,259,1146,6,6,https://document-service.redbush-a66713c9.centralus.azurecontainerapps.io/documents,122,0,0
1788999860570,117,POST /documents,200,OK,Pruebas carga 1-3,text,true,,259,1146,6,6,https://document-service.redbush-a66713c9.centralus.azurecontainerapps.io/documents,116,0,0
1788999860397,344,POST /documents,200,OK,Pruebas carga 1-5,text,true,,259,1146,6,6,https://document-service.redbush-a66713c9.centralus.azurecontainerapps.io/documents,268,0,0
1788999860506,247,POST /documents,200,OK,Pruebas carga 1-2,text,true,,259,1146,6,6,https://document-service.redbush-a66713c9.centralus.azurecontainerapps.io/documents,244,0,0
1788999860663,111,POST /documents,200,OK,Pruebas carga 1-4,text,true,,259,1146,6,6,https://document-service.redbush-a66713c9.centralus.azurecontainerapps.io/documents,111,0,0
1788999860726,127,POST /documents,200,OK,Pruebas carga 1-1,text,true,,259,1146,6,6,https://document-service.redbush-a66713c9.centralus.azurecontainerapps.io/documents,127,0,0
1788999860570,283,POST /documents,200,OK,Pruebas carga 1-6,text,true,,259,1146,6,6,https://document-service.redbush-a66713c9.centralus.azurecontainerapps.io/documents,283,0,0
1788999860757,123,POST /documents,200,OK,Pruebas carga 1-5,text,true,,259,1146,6,6,https://document-service.redbush-a66713c9.centralus.azurecontainerapps.io/documents,123,0,0
1788999860789,156,POST /documents,200,OK,Pruebas carga 1-3,text,true,,259,1146,6,6,https://document-service.redbush-a66713c9.centralus.azurecontainerapps.io/documents,156,0,0
1788999860836,112,POST /documents,200,OK,Pruebas carga 1-4,text,true,,259,1146,6,6,https://document-service.redbush-a66713c9.centralus.azurecontainerapps.io/documents,112,0,0
1788999860931,115,POST /documents,200,OK,Pruebas carga 1-6,text,true,,259,1146,6,6,https://document-service.redbush-a66713c9.centralus.azurecontainerapps.io/documents,115,0,0
1788999860821,228,POST /documents,200,OK,Pruebas carga 1-2,text,true,,259,1146,6,6,https://document-service.redbush-a66713c9.centralus.azurecontainerapps.io/documents,228,0,0
1788999860946,120,POST /documents,200,OK,Pruebas carga 1-5,text,true,,259,1146,6,6,https://document-service.redbush-a66713c9.centralus.azurecontainerapps.io/documents,120,0,0
1788999860883,240,POST /documents,200,OK,Pruebas carga 1-1,text,true,,259,1146,6,6,https://document-service.redbush-a66713c9.centralus.azurecontainerapps.io/documents,240,0,0
1788999860993,135,POST /documents,200,OK,Pruebas carga 1-3,text,true,,259,1146,6,6,https://document-service.redbush-a66713c9.centralus.azurecontainerapps.io/documents,135,0,0
1788999860978,156,POST /documents,200,OK,Pruebas carga 1-4,text,true,,259,1146,6,6,https://document-service.redbush-a66713c9.centralus.azurecontainerapps.io/documents,156,0,0
1788999861118,119,POST /documents,200,OK,Pruebas carga 1-6,text,true,,259,1146,6,6,https://document-service.redbush-a66713c9.centralus.azurecontainerapps.io/documents,119,0,0
1788999861124,120,POST /documents,200,OK,Pruebas carga 1-1,text,true,,259,1146,6,6,https://document-service.redbush-a66713c9.centralus.azurecontainerapps.io/documents,119,0,0
1788999861118,132,POST /documents,200,OK,Pruebas carga 1-5,text,true,,259,1146,6,6,https://document-service.redbush-a66713c9.centralus.azurecontainerapps.io/documents,132,0,0
1788999861149,164,POST /documents,200,OK,Pruebas carga 1-2,text,true,,259,1146,6,6,https://document-service.redbush-a66713c9.centralus.azurecontainerapps.io/documents,164,0,0
1788999861227,128,POST /documents,200,OK,Pruebas carga 1-3,text,true,,259,1146,6,6,https://document-service.redbush-a66713c9.centralus.azurecontainerapps.io/documents,127,0,0
1788999861243,112,POST /documents,200,OK,Pruebas carga 1-4,text,true,,259,1146,6,6,https://document-service.redbush-a66713c9.centralus.azurecontainerapps.io/documents,112,0,0
1788999861291,117,POST /documents,200,OK,Pruebas carga 1-5,text,true,,259,1146,6,6,https://document-service.redbush-a66713c9.centralus.azurecontainerapps.io/documents,117,0,0
1788999861307,123,POST /documents,200,OK,Pruebas carga 1-1,text,true,,259,1146,6,6,https://document-service.redbush-a66713c9.centralus.azurecontainerapps.io/documents,123,0,0
1788999861323,121,POST /documents,200,OK,Pruebas carga 1-6,text,true,,259,1146,6,6,https://document-service.redbush-a66713c9.centralus.azurecontainerapps.io/documents,120,0,0
1788999861354,113,POST /documents,200,OK,Pruebas carga 1-2,text,true,,259,1146,6,6,https://document-service.redbush-a66713c9.centralus.azurecontainerapps.io/documents,113,0,0
1788999861371,128,POST /documents,200,OK,Pruebas carga 1-3,text,true,,259,1146,6,6,https://document-service.redbush-a66713c9.centralus.azurecontainerapps.io/documents,128,0,0
1788999861403,112,POST /documents,200,OK,Pruebas carga 1-4,text,true,,259,1146,6,6,https://document-service.redbush-a66713c9.centralus.azurecontainerapps.io/documents,112,0,0
1788999861419,152,POST /documents,200,OK,Pruebas carga 1-5,text,true,,259,1146,6,6,https://document-service.redbush-a66713c9.centralus.azurecontainerapps.io/documents,151,0,0
1788999861480,137,POST /documents,200,OK,Pruebas carga 1-6,text,true,,259,1146,6,6,https://document-service.redbush-a66713c9.centralus.azurecontainerapps.io/documents,137,0,0
1788999861496,123,POST /documents,200,OK,Pruebas carga 1-1,text,true,,259,1146,6,6,https://document-service.redbush-a66713c9.centralus.azurecontainerapps.io/documents,122,0,0
1788999861528,183,POST /documents,200,OK,Pruebas carga 1-2,text,true,,259,1146,6,6,https://document-service.redbush-a66713c9.centralus.azurecontainerapps.io/documents,183,0,0
1788999861606,112,POST /documents,200,OK,Pruebas carga 1-4,text,true,,259,1146,6,6,https://document-service.redbush-a66713c9.centralus.azurecontainerapps.io/documents,112,0,0
1788999861543,181,POST /documents,200,OK,Pruebas carga 1-3,text,true,,259,1146,6,6,https://document-service.redbush-a66713c9.centralus.azurecontainerapps.io/documents,180,0,0
1788999861639,120,POST /documents,200,OK,Pruebas carga 1-1,text,true,,259,1146,7,7,https://document-service.redbush-a66713c9.centralus.azurecontainerapps.io/documents,120,0,0
1788999861717,113,POST /documents,200,OK,Pruebas carga 1-6,text,true,,259,1146,7,7,https://document-service.redbush-a66713c9.centralus.azurecontainerapps.io/documents,113,0,0
1788999861794,110,POST /documents,200,OK,Pruebas carga 1-2,text,true,,259,1146,7,7,https://document-service.redbush-a66713c9.centralus.azurecontainerapps.io/documents,110,0,0
1788999861669,244,POST /documents,200,OK,Pruebas carga 1-5,text,true,,259,1146,7,7,https://document-service.redbush-a66713c9.centralus.azurecontainerapps.io/documents,244,0,0
1788999861825,123,POST /documents,200,OK,Pruebas carga 1-3,text,true,,259,1146,7,7,https://document-service.redbush-a66713c9.centralus.azurecontainerapps.io/documents,123,0,0
1788999861856,188,POST /documents,200,OK,Pruebas carga 1-1,text,true,,259,1146,7,7,https://document-service.redbush-a66713c9.centralus.azurecontainerapps.io/documents,161,0,0
1788999861996,205,POST /documents,200,OK,Pruebas carga 1-2,text,true,,259,1146,7,7,https://document-service.redbush-a66713c9.centralus.azurecontainerapps.io/documents,205,0,0
1788999861996,215,POST /documents,200,OK,Pruebas carga 1-3,text,true,,259,1146,7,7,https://document-service.redbush-a66713c9.centralus.azurecontainerapps.io/documents,215,0,0
1788999861965,263,POST /documents,200,OK,Pruebas carga 1-5,text,true,,259,1146,7,7,https://document-service.redbush-a66713c9.centralus.azurecontainerapps.io/documents,263,0,0
1788999861780,457,POST /documents,200,OK,Pruebas carga 1-7,text,true,,259,1146,7,7,https://document-service.redbush-a66713c9.centralus.azurecontainerapps.io/documents,457,0,196
1788999861809,461,POST /documents,200,OK,Pruebas carga 1-4,text,true,,259,1146,7,7,https://document-service.redbush-a66713c9.centralus.azurecontainerapps.io/documents,460,0,0
1788999861919,351,POST /documents,200,OK,Pruebas carga 1-6,text,true,,259,1146,7,7,https://document-service.redbush-a66713c9.centralus.azurecontainerapps.io/documents,350,0,0
1788999862123,204,POST /documents,200,OK,Pruebas carga 1-1,text,true,,259,1146,7,7,https://document-service.redbush-a66713c9.centralus.azurecontainerapps.io/documents,204,0,0
1788999862295,120,POST /documents,200,OK,Pruebas carga 1-2,text,true,,259,1146,7,7,https://document-service.redbush-a66713c9.centralus.azurecontainerapps.io/documents,119,0,0
1788999862327,116,POST /documents,200,OK,Pruebas carga 1-4,text,true,,259,1146,7,7,https://document-service.redbush-a66713c9.centralus.azurecontainerapps.io/documents,116,0,0
1788999862358,122,POST /documents,200,OK,Pruebas carga 1-6,text,true,,259,1146,7,7,https://document-service.redbush-a66713c9.centralus.azurecontainerapps.io/documents,120,0,0
1788999862437,140,POST /documents,200,OK,Pruebas carga 1-1,text,true,,259,1146,7,7,https://document-service.redbush-a66713c9.centralus.azurecontainerapps.io/documents,140,0,0
1788999862484,114,POST /documents,200,OK,Pruebas carga 1-4,text,true,,259,1146,7,7,https://document-service.redbush-a66713c9.centralus.azurecontainerapps.io/documents,114,0,0
1788999862265,407,POST /documents,200,OK,Pruebas carga 1-7,text,true,,259,1146,7,7,https://document-service.redbush-a66713c9.centralus.azurecontainerapps.io/documents,407,0,0
1788999862295,418,POST /documents,200,OK,Pruebas carga 1-3,text,true,,259,1146,7,7,https://document-service.redbush-a66713c9.centralus.azurecontainerapps.io/documents,418,0,0
1788999862638,123,POST /documents,200,OK,Pruebas carga 1-1,text,true,,259,1146,7,7,https://document-service.redbush-a66713c9.centralus.azurecontainerapps.io/documents,123,0,0
1788999862655,254,POST /documents,200,OK,Pruebas carga 1-4,text,true,,259,1146,7,7,https://document-service.redbush-a66713c9.centralus.azurecontainerapps.io/documents,254,0,0
1788999862327,669,POST /documents,200,OK,Pruebas carga 1-5,text,true,,259,1146,7,7,https://document-service.redbush-a66713c9.centralus.azurecontainerapps.io/documents,582,0,0
1788999862777,219,POST /documents,200,OK,Pruebas carga 1-1,text,true,,259,1146,7,7,https://document-service.redbush-a66713c9.centralus.azurecontainerapps.io/documents,219,0,0
1788999862824,172,POST /documents,200,OK,Pruebas carga 1-3,text,true,,259,1146,7,7,https://document-service.redbush-a66713c9.centralus.azurecontainerapps.io/documents,172,0,0
1788999862561,435,POST /documents,200,OK,Pruebas carga 1-6,text,true,,259,1146,7,7,https://document-service.redbush-a66713c9.centralus.azurecontainerapps.io/documents,435,0,0
1788999862485,523,POST /documents,200,OK,Pruebas carga 1-2,text,true,,259,1146,7,7,https://document-service.redbush-a66713c9.centralus.azurecontainerapps.io/documents,523,0,0
1788999862700,374,POST /documents,200,OK,Pruebas carga 1-7,text,true,,259,1146,7,7,https://document-service.redbush-a66713c9.centralus.azurecontainerapps.io/documents,374,0,0
1788999863012,168,POST /documents,200,OK,Pruebas carga 1-2,text,true,,259,1146,7,7,https://document-service.redbush-a66713c9.centralus.azurecontainerapps.io/documents,168,0,0
1788999862997,183,POST /documents,200,OK,Pruebas carga 1-4,text,true,,259,1146,7,7,https://document-service.redbush-a66713c9.centralus.azurecontainerapps.io/documents,183,0,0
1788999863074,144,POST /documents,200,OK,Pruebas carga 1-5,text,true,,259,1146,7,7,https://document-service.redbush-a66713c9.centralus.azurecontainerapps.io/documents,144,0,0
1788999863091,134,POST /documents,200,OK,Pruebas carga 1-3,text,true,,259,1146,7,7,https://document-service.redbush-a66713c9.centralus.azurecontainerapps.io/documents,134,0,0
1788999863044,191,POST /documents,200,OK,Pruebas carga 1-6,text,true,,259,1146,7,7,https://document-service.redbush-a66713c9.centralus.azurecontainerapps.io/documents,191,0,0
1788999863044,272,POST /documents,200,OK,Pruebas carga 1-1,text,true,,259,1146,7,7,https://document-service.redbush-a66713c9.centralus.azurecontainerapps.io/documents,272,0,0
1788999863121,273,POST /documents,200,OK,Pruebas carga 1-7,text,true,,259,1146,6,6,https://document-service.redbush-a66713c9.centralus.azurecontainerapps.io/documents,273,0,0
1788999863260,134,POST /documents,200,OK,Pruebas carga 1-4,text,true,,259,1146,6,6,https://document-service.redbush-a66713c9.centralus.azurecontainerapps.io/documents,134,0,0
1788999863260,246,POST /documents,200,OK,Pruebas carga 1-6,text,true,,259,1146,6,6,https://document-service.redbush-a66713c9.centralus.azurecontainerapps.io/documents,246,0,0
1788999863229,282,POST /documents,200,OK,Pruebas carga 1-5,text,true,,259,1146,6,6,https://document-service.redbush-a66713c9.centralus.azurecontainerapps.io/documents,281,0,0
1788999863260,269,POST /documents,200,OK,Pruebas carga 1-2,text,true,,259,1146,6,6,https://document-service.redbush-a66713c9.centralus.azurecontainerapps.io/documents,269,0,0
1788999863494,205,POST /documents,200,OK,Pruebas carga 1-4,text,true,,259,1146,6,6,https://document-service.redbush-a66713c9.centralus.azurecontainerapps.io/documents,205,0,0
1788999863588,113,POST /documents,200,OK,Pruebas carga 1-2,text,true,,259,1146,6,6,https://document-service.redbush-a66713c9.centralus.azurecontainerapps.io/documents,113,0,0
1788999863588,121,POST /documents,200,OK,Pruebas carga 1-6,text,true,,259,1146,6,6,https://document-service.redbush-a66713c9.centralus.azurecontainerapps.io/documents,121,0,0
1788999863307,466,POST /documents,200,OK,Pruebas carga 1-3,text,true,,259,1146,7,7,https://document-service.redbush-a66713c9.centralus.azurecontainerapps.io/documents,466,0,0
1788999863773,115,POST /documents,200,OK,Pruebas carga 1-6,text,true,,259,1146,7,7,https://document-service.redbush-a66713c9.centralus.azurecontainerapps.io/documents,115,0,0
1788999863788,109,POST /documents,200,OK,Pruebas carga 1-4,text,true,,259,1146,7,7,https://document-service.redbush-a66713c9.centralus.azurecontainerapps.io/documents,109,0,0
1788999863849,118,POST /documents,200,OK,Pruebas carga 1-3,text,true,,259,1146,7,7,https://document-service.redbush-a66713c9.centralus.azurecontainerapps.io/documents,118,0,0
1788999863463,511,POST /documents,200,OK,Pruebas carga 1-7,text,true,,259,1146,7,7,https://document-service.redbush-a66713c9.centralus.azurecontainerapps.io/documents,510,0,0
1788999863605,408,POST /documents,200,OK,Pruebas carga 1-5,text,true,,259,1146,7,7,https://document-service.redbush-a66713c9.centralus.azurecontainerapps.io/documents,408,0,0
1788999863712,301,POST /documents,200,OK,Pruebas carga 1-2,text,true,,259,1146,7,7,https://document-service.redbush-a66713c9.centralus.azurecontainerapps.io/documents,301,0,0
1788999863926,127,POST /documents,200,OK,Pruebas carga 1-6,text,true,,259,1146,6,6,https://document-service.redbush-a66713c9.centralus.azurecontainerapps.io/documents,127,0,0
1788999863942,114,POST /documents,200,OK,Pruebas carga 1-4,text,true,,259,1146,6,6,https://document-service.redbush-a66713c9.centralus.azurecontainerapps.io/documents,114,0,0
1788999863865,314,POST /documents,200,OK,Pruebas carga 1-8,text,true,,259,1146,6,6,https://document-service.redbush-a66713c9.centralus.azurecontainerapps.io/documents,314,0,194
1788999864064,138,POST /documents,200,OK,Pruebas carga 1-3,text,true,,259,1146,6,6,https://document-service.redbush-a66713c9.centralus.azurecontainerapps.io/documents,138,0,0
1788999864156,181,POST /documents,200,OK,Pruebas carga 1-4,text,true,,259,1146,6,6,https://document-service.redbush-a66713c9.centralus.azurecontainerapps.io/documents,181,0,0
1788999864064,309,POST /documents,200,OK,Pruebas carga 1-5,text,true,,259,1146,6,6,https://document-service.redbush-a66713c9.centralus.azurecontainerapps.io/documents,309,0,0
1788999864280,137,POST /documents,200,OK,Pruebas carga 1-8,text,true,,259,1146,6,6,https://document-service.redbush-a66713c9.centralus.azurecontainerapps.io/documents,137,0,0
1788999864019,454,POST /documents,200,OK,Pruebas carga 1-7,text,true,,259,1146,6,6,https://document-service.redbush-a66713c9.centralus.azurecontainerapps.io/documents,454,0,0
1788999864357,117,POST /documents,200,OK,Pruebas carga 1-4,text,true,,259,1146,6,6,https://document-service.redbush-a66713c9.centralus.azurecontainerapps.io/documents,116,0,0
1788999864156,372,POST /documents,200,OK,Pruebas carga 1-6,text,true,,259,1146,6,6,https://document-service.redbush-a66713c9.centralus.azurecontainerapps.io/documents,371,0,0
1788999864419,123,POST /documents,200,OK,Pruebas carga 1-5,text,true,,259,1146,6,6,https://document-service.redbush-a66713c9.centralus.azurecontainerapps.io/documents,123,0,0
1788999864249,430,POST /documents,200,OK,Pruebas carga 1-3,text,true,,259,1146,6,6,https://document-service.redbush-a66713c9.centralus.azurecontainerapps.io/documents,429,0,0
1788999864704,195,POST /documents,200,OK,Pruebas carga 1-3,text,true,,259,1146,6,6,https://document-service.redbush-a66713c9.centralus.azurecontainerapps.io/documents,195,0,0
1788999864547,385,POST /documents,200,OK,Pruebas carga 1-7,text,true,,259,1146,6,6,https://document-service.redbush-a66713c9.centralus.azurecontainerapps.io/documents,385,0,0
1788999864610,322,POST /documents,200,OK,Pruebas carga 1-6,text,true,,259,1146,6,6,https://document-service.redbush-a66713c9.centralus.azurecontainerapps.io/documents,322,0,0
1788999864499,475,POST /documents,200,OK,Pruebas carga 1-4,text,true,,259,1146,6,6,https://document-service.redbush-a66713c9.centralus.azurecontainerapps.io/documents,475,0,0
1788999864563,451,POST /documents,200,OK,Pruebas carga 1-5,text,true,,259,1146,6,6,https://document-service.redbush-a66713c9.centralus.azurecontainerapps.io/documents,419,0,0
1788999864483,531,POST /documents,200,OK,Pruebas carga 1-8,text,true,,259,1146,6,6,https://document-service.redbush-a66713c9.centralus.azurecontainerapps.io/documents,531,0,0
1788999864961,186,POST /documents,200,OK,Pruebas carga 1-6,text,true,,259,1146,6,6,https://document-service.redbush-a66713c9.centralus.azurecontainerapps.io/documents,186,0,0
1788999864961,192,POST /documents,200,OK,Pruebas carga 1-3,text,true,,259,1146,6,6,https://document-service.redbush-a66713c9.centralus.azurecontainerapps.io/documents,190,0,0
1788999865056,114,POST /documents,200,OK,Pruebas carga 1-8,text,true,,259,1146,6,6,https://document-service.redbush-a66713c9.centralus.azurecontainerapps.io/documents,114,0,0
1788999864977,266,POST /documents,200,OK,Pruebas carga 1-7,text,true,,259,1146,6,6,https://document-service.redbush-a66713c9.centralus.azurecontainerapps.io/documents,266,0,0
1788999865199,117,POST /documents,200,OK,Pruebas carga 1-6,text,true,,259,1146,6,6,https://document-service.redbush-a66713c9.centralus.azurecontainerapps.io/documents,117,0,0
1788999865276,131,POST /documents,200,OK,Pruebas carga 1-8,text,true,,259,1146,6,6,https://document-service.redbush-a66713c9.centralus.azurecontainerapps.io/documents,131,0,0
1788999865276,134,POST /documents,200,OK,Pruebas carga 1-7,text,true,,259,1146,6,6,https://document-service.redbush-a66713c9.centralus.azurecontainerapps.io/documents,134,0,0
1788999865072,341,POST /documents,200,OK,Pruebas carga 1-5,text,true,,259,1146,6,6,https://document-service.redbush-a66713c9.centralus.azurecontainerapps.io/documents,341,0,0
1788999865072,347,POST /documents,200,OK,Pruebas carga 1-4,text,true,,259,1146,6,6,https://document-service.redbush-a66713c9.centralus.azurecontainerapps.io/documents,347,0,0
1788999865339,126,POST /documents,200,OK,Pruebas carga 1-6,text,true,,259,1146,6,6,https://document-service.redbush-a66713c9.centralus.azurecontainerapps.io/documents,126,0,0
1788999865214,260,POST /documents,200,OK,Pruebas carga 1-3,text,true,,259,1146,6,6,https://document-service.redbush-a66713c9.centralus.azurecontainerapps.io/documents,260,0,0
1788999865432,122,POST /documents,200,OK,Pruebas carga 1-4,text,true,,259,1146,6,6,https://document-service.redbush-a66713c9.centralus.azurecontainerapps.io/documents,122,0,0
1788999865510,128,POST /documents,200,OK,Pruebas carga 1-6,text,true,,259,1146,6,6,https://document-service.redbush-a66713c9.centralus.azurecontainerapps.io/documents,128,0,0
1788999865541,119,POST /documents,200,OK,Pruebas carga 1-3,text,true,,259,1146,6,6,https://document-service.redbush-a66713c9.centralus.azurecontainerapps.io/documents,119,0,0
1788999865603,116,POST /documents,200,OK,Pruebas carga 1-4,text,true,,259,1146,6,6,https://document-service.redbush-a66713c9.centralus.azurecontainerapps.io/documents,115,0,0
1788999865650,123,POST /documents,200,OK,Pruebas carga 1-6,text,true,,259,1146,7,7,https://document-service.redbush-a66713c9.centralus.azurecontainerapps.io/documents,123,0,0
1788999865494,319,POST /documents,200,OK,Pruebas carga 1-7,text,true,,259,1146,7,7,https://document-service.redbush-a66713c9.centralus.azurecontainerapps.io/documents,319,0,0
1788999865494,319,POST /documents,200,OK,Pruebas carga 1-8,text,true,,259,1146,7,7,https://document-service.redbush-a66713c9.centralus.azurecontainerapps.io/documents,319,0,0
1788999865479,334,POST /documents,200,OK,Pruebas carga 1-5,text,true,,259,1146,7,7,https://document-service.redbush-a66713c9.centralus.azurecontainerapps.io/documents,334,0,0
1788999865761,193,POST /documents,200,OK,Pruebas carga 1-3,text,true,,259,1146,7,7,https://document-service.redbush-a66713c9.centralus.azurecontainerapps.io/documents,192,0,0
1788999865856,131,POST /documents,200,OK,Pruebas carga 1-8,text,true,,259,1146,7,7,https://document-service.redbush-a66713c9.centralus.azurecontainerapps.io/documents,131,0,0
1788999865825,185,POST /documents,200,OK,Pruebas carga 1-6,text,true,,259,1146,7,7,https://document-service.redbush-a66713c9.centralus.azurecontainerapps.io/documents,183,0,0
1788999865840,179,POST /documents,200,OK,Pruebas carga 1-7,text,true,,259,1146,7,7,https://document-service.redbush-a66713c9.centralus.azurecontainerapps.io/documents,178,0,0
1788999865886,153,POST /documents,200,OK,Pruebas carga 1-5,text,true,,259,1146,7,7,https://document-service.redbush-a66713c9.centralus.azurecontainerapps.io/documents,153,0,0
1788999865825,223,POST /documents,200,OK,Pruebas carga 1-4,text,true,,259,1146,7,7,https://document-service.redbush-a66713c9.centralus.azurecontainerapps.io/documents,222,0,0
1788999865856,314,POST /documents,200,OK,Pruebas carga 1-9,text,true,,259,1146,7,7,https://document-service.redbush-a66713c9.centralus.azurecontainerapps.io/documents,314,0,194
1788999866074,132,POST /documents,200,OK,Pruebas carga 1-6,text,true,,259,1146,7,7,https://document-service.redbush-a66713c9.centralus.azurecontainerapps.io/documents,131,0,0
1788999866043,191,POST /documents,200,OK,Pruebas carga 1-7,text,true,,259,1146,7,7,https://document-service.redbush-a66713c9.centralus.azurecontainerapps.io/documents,191,0,0
1788999866121,250,POST /documents,200,OK,Pruebas carga 1-4,text,true,,259,1146,7,7,https://document-service.redbush-a66713c9.centralus.azurecontainerapps.io/documents,250,0,0
1788999866058,330,POST /documents,200,OK,Pruebas carga 1-8,text,true,,259,1146,7,7,https://document-service.redbush-a66713c9.centralus.azurecontainerapps.io/documents,329,0,0
1788999866183,243,POST /documents,200,OK,Pruebas carga 1-9,text,true,,259,1146,7,7,https://document-service.redbush-a66713c9.centralus.azurecontainerapps.io/documents,243,0,0
1788999866244,190,POST /documents,200,OK,Pruebas carga 1-6,text,true,,259,1146,7,7,https://document-service.redbush-a66713c9.centralus.azurecontainerapps.io/documents,190,0,0
1788999866275,237,POST /documents,200,OK,Pruebas carga 1-7,text,true,,259,1146,7,7,https://document-service.redbush-a66713c9.centralus.azurecontainerapps.io/documents,234,0,0
1788999866136,385,POST /documents,200,OK,Pruebas carga 1-5,text,true,,259,1146,7,7,https://document-service.redbush-a66713c9.centralus.azurecontainerapps.io/documents,385,0,0
1788999866386,167,POST /documents,200,OK,Pruebas carga 1-4,text,true,,259,1146,7,7,https://document-service.redbush-a66713c9.centralus.azurecontainerapps.io/documents,167,0,0
1788999866058,511,POST /documents,200,OK,Pruebas carga 1-3,text,true,,259,1146,7,7,https://document-service.redbush-a66713c9.centralus.azurecontainerapps.io/documents,457,0,0
1788999866493,224,POST /documents,200,OK,Pruebas carga 1-9,text,true,,259,1146,6,6,https://document-service.redbush-a66713c9.centralus.azurecontainerapps.io/documents,218,0,0
1788999866447,394,POST /documents,200,OK,Pruebas carga 1-6,text,true,,259,1146,6,6,https://document-service.redbush-a66713c9.centralus.azurecontainerapps.io/documents,394,0,0
1788999866556,326,POST /documents,200,OK,Pruebas carga 1-5,text,true,,259,1146,6,6,https://document-service.redbush-a66713c9.centralus.azurecontainerapps.io/documents,326,0,0
1788999866616,292,POST /documents,200,OK,Pruebas carga 1-4,text,true,,259,1146,6,6,https://document-service.redbush-a66713c9.centralus.azurecontainerapps.io/documents,292,0,0
1788999866803,116,POST /documents,200,OK,Pruebas carga 1-9,text,true,,259,1146,6,6,https://document-service.redbush-a66713c9.centralus.azurecontainerapps.io/documents,116,0,0
1788999866541,409,POST /documents,200,OK,Pruebas carga 1-7,text,true,,259,1146,6,6,https://document-service.redbush-a66713c9.centralus.azurecontainerapps.io/documents,409,0,0
1788999866478,473,POST /documents,200,OK,Pruebas carga 1-8,text,true,,259,1146,6,6,https://document-service.redbush-a66713c9.centralus.azurecontainerapps.io/documents,472,0,0
1788999866943,109,POST /documents,200,OK,Pruebas carga 1-4,text,true,,259,1146,6,6,https://document-service.redbush-a66713c9.centralus.azurecontainerapps.io/documents,109,0,0
1788999866943,111,POST /documents,200,OK,Pruebas carga 1-6,text,true,,259,1146,5,5,https://document-service.redbush-a66713c9.centralus.azurecontainerapps.io/documents,110,0,0
1788999866928,226,POST /documents,200,OK,Pruebas carga 1-9,text,true,,259,1146,5,5,https://document-service.redbush-a66713c9.centralus.azurecontainerapps.io/documents,226,0,0
1788999867176,116,POST /documents,200,OK,Pruebas carga 1-9,text,true,,259,1146,5,5,https://document-service.redbush-a66713c9.centralus.azurecontainerapps.io/documents,116,0,0
1788999866974,326,POST /documents,200,OK,Pruebas carga 1-5,text,true,,259,1146,5,5,https://document-service.redbush-a66713c9.centralus.azurecontainerapps.io/documents,326,0,0
1788999867005,295,POST /documents,200,OK,Pruebas carga 1-7,text,true,,259,1146,5,5,https://document-service.redbush-a66713c9.centralus.azurecontainerapps.io/documents,295,0,0
1788999867005,377,POST /documents,200,OK,Pruebas carga 1-8,text,true,,259,1146,5,5,https://document-service.redbush-a66713c9.centralus.azurecontainerapps.io/documents,374,0,0
1788999867146,263,POST /documents,200,OK,Pruebas carga 1-6,text,true,,259,1146,5,5,https://document-service.redbush-a66713c9.centralus.azurecontainerapps.io/documents,262,0,0
1788999867333,114,POST /documents,200,OK,Pruebas carga 1-5,text,true,,259,1146,5,5,https://document-service.redbush-a66713c9.centralus.azurecontainerapps.io/documents,114,0,0
1788999867349,226,POST /documents,200,OK,Pruebas carga 1-7,text,true,,259,1146,5,5,https://document-service.redbush-a66713c9.centralus.azurecontainerapps.io/documents,226,0,0
1788999867488,195,POST /documents,200,OK,Pruebas carga 1-6,text,true,,259,1146,5,5,https://document-service.redbush-a66713c9.centralus.azurecontainerapps.io/documents,195,0,0
1788999867488,195,POST /documents,200,OK,Pruebas carga 1-8,text,true,,259,1146,5,5,https://document-service.redbush-a66713c9.centralus.azurecontainerapps.io/documents,195,0,0
1788999867380,362,POST /documents,200,OK,Pruebas carga 1-9,text,true,,259,1146,5,5,https://document-service.redbush-a66713c9.centralus.azurecontainerapps.io/documents,362,0,0
1788999867457,305,POST /documents,200,OK,Pruebas carga 1-5,text,true,,259,1146,6,6,https://document-service.redbush-a66713c9.centralus.azurecontainerapps.io/documents,304,0,0
1788999867643,119,POST /documents,200,OK,Pruebas carga 1-7,text,true,,259,1146,6,6,https://document-service.redbush-a66713c9.centralus.azurecontainerapps.io/documents,118,0,0
1788999867706,118,POST /documents,200,OK,Pruebas carga 1-8,text,true,,259,1146,6,6,https://document-service.redbush-a66713c9.centralus.azurecontainerapps.io/documents,118,0,0
1788999867737,114,POST /documents,200,OK,Pruebas carga 1-6,text,true,,259,1146,6,6,https://document-service.redbush-a66713c9.centralus.azurecontainerapps.io/documents,113,0,0
1788999867847,174,POST /documents,200,OK,Pruebas carga 1-8,text,true,,259,1146,6,6,https://document-service.redbush-a66713c9.centralus.azurecontainerapps.io/documents,174,0,0
1788999867785,309,POST /documents,200,OK,Pruebas carga 1-10,text,true,,259,1146,6,6,https://document-service.redbush-a66713c9.centralus.azurecontainerapps.io/documents,308,0,186
1788999867957,165,POST /documents,200,OK,Pruebas carga 1-6,text,true,,259,1146,6,6,https://document-service.redbush-a66713c9.centralus.azurecontainerapps.io/documents,165,0,0
1788999867814,333,POST /documents,200,OK,Pruebas carga 1-7,text,true,,259,1146,6,6,https://document-service.redbush-a66713c9.centralus.azurecontainerapps.io/documents,332,0,0
1788999867814,337,POST /documents,200,OK,Pruebas carga 1-9,text,true,,259,1146,6,6,https://document-service.redbush-a66713c9.centralus.azurecontainerapps.io/documents,337,0,0
1788999868113,119,POST /documents,200,OK,Pruebas carga 1-8,text,true,,259,1146,6,6,https://document-service.redbush-a66713c9.centralus.azurecontainerapps.io/documents,119,0,0
1788999867863,437,POST /documents,200,OK,Pruebas carga 1-5,text,true,,259,1146,6,6,https://document-service.redbush-a66713c9.centralus.azurecontainerapps.io/documents,393,0,0
1788999868175,220,POST /documents,200,OK,Pruebas carga 1-6,text,true,,259,1146,6,6,https://document-service.redbush-a66713c9.centralus.azurecontainerapps.io/documents,220,0,0
1788999868251,226,POST /documents,200,OK,Pruebas carga 1-7,text,true,,259,1146,6,6,https://document-service.redbush-a66713c9.centralus.azurecontainerapps.io/documents,226,0,0
1788999868313,168,POST /documents,200,OK,Pruebas carga 1-8,text,true,,259,1146,6,6,https://document-service.redbush-a66713c9.centralus.azurecontainerapps.io/documents,167,0,0
1788999868405,128,POST /documents,200,OK,Pruebas carga 1-5,text,true,,259,1146,6,6,https://document-service.redbush-a66713c9.centralus.azurecontainerapps.io/documents,128,0,0
1788999868128,412,POST /documents,200,OK,Pruebas carga 1-10,text,true,,259,1146,6,6,https://document-service.redbush-a66713c9.centralus.azurecontainerapps.io/documents,412,0,0
1788999868220,325,POST /documents,200,OK,Pruebas carga 1-9,text,true,,259,1146,6,6,https://document-service.redbush-a66713c9.centralus.azurecontainerapps.io/documents,325,0,0
1788999868514,127,POST /documents,200,OK,Pruebas carga 1-7,text,true,,259,1146,6,6,https://document-service.redbush-a66713c9.centralus.azurecontainerapps.io/documents,127,0,0
1788999868514,127,POST /documents,200,OK,Pruebas carga 1-8,text,true,,259,1146,6,6,https://document-service.redbush-a66713c9.centralus.azurecontainerapps.io/documents,127,0,0
1788999868482,271,POST /documents,200,OK,Pruebas carga 1-6,text,true,,259,1146,6,6,https://document-service.redbush-a66713c9.centralus.azurecontainerapps.io/documents,271,0,0
1788999868640,115,POST /documents,200,OK,Pruebas carga 1-10,text,true,,259,1146,6,6,https://document-service.redbush-a66713c9.centralus.azurecontainerapps.io/documents,115,0,0
1788999868656,189,POST /documents,200,OK,Pruebas carga 1-9,text,true,,259,1146,6,6,https://document-service.redbush-a66713c9.centralus.azurecontainerapps.io/documents,189,0,0
1788999868609,308,POST /documents,200,OK,Pruebas carga 1-5,text,true,,259,1146,6,6,https://document-service.redbush-a66713c9.centralus.azurecontainerapps.io/documents,268,0,0
1788999868688,261,POST /documents,200,OK,Pruebas carga 1-7,text,true,,259,1146,6,6,https://document-service.redbush-a66713c9.centralus.azurecontainerapps.io/documents,261,0,0
1788999868719,291,POST /documents,200,OK,Pruebas carga 1-8,text,true,,259,1146,6,6,https://document-service.redbush-a66713c9.centralus.azurecontainerapps.io/documents,291,0,0
1788999868812,260,POST /documents,200,OK,Pruebas carga 1-10,text,true,,259,1146,6,6,https://document-service.redbush-a66713c9.centralus.azurecontainerapps.io/documents,260,0,0
1788999868953,119,POST /documents,200,OK,Pruebas carga 1-9,text,true,,259,1146,6,6,https://document-service.redbush-a66713c9.centralus.azurecontainerapps.io/documents,119,0,0
1788999868983,117,POST /documents,200,OK,Pruebas carga 1-5,text,true,,259,1146,6,6,https://document-service.redbush-a66713c9.centralus.azurecontainerapps.io/documents,116,0,0
1788999868766,379,POST /documents,200,OK,Pruebas carga 1-6,text,true,,259,1146,6,6,https://document-service.redbush-a66713c9.centralus.azurecontainerapps.io/documents,379,0,0
1788999869217,115,POST /documents,200,OK,Pruebas carga 1-6,text,true,,259,1146,6,6,https://document-service.redbush-a66713c9.centralus.azurecontainerapps.io/documents,115,0,0
1788999868983,389,POST /documents,200,OK,Pruebas carga 1-7,text,true,,259,1146,6,6,https://document-service.redbush-a66713c9.centralus.azurecontainerapps.io/documents,389,0,0
1788999869108,334,POST /documents,200,OK,Pruebas carga 1-8,text,true,,259,1146,6,6,https://document-service.redbush-a66713c9.centralus.azurecontainerapps.io/documents,244,0,0
1788999869140,369,POST /documents,200,OK,Pruebas carga 1-9,text,true,,259,1146,6,6,https://document-service.redbush-a66713c9.centralus.azurecontainerapps.io/documents,369,0,0
1788999869156,358,POST /documents,200,OK,Pruebas carga 1-5,text,true,,259,1146,6,6,https://document-service.redbush-a66713c9.centralus.azurecontainerapps.io/documents,358,0,0
1788999869093,452,POST /documents,200,OK,Pruebas carga 1-10,text,true,,259,1146,6,6,https://document-service.redbush-a66713c9.centralus.azurecontainerapps.io/documents,452,0,0
1788999869466,117,POST /documents,200,OK,Pruebas carga 1-8,text,true,,259,1146,6,6,https://document-service.redbush-a66713c9.centralus.azurecontainerapps.io/documents,117,0,0
1788999869482,159,POST /documents,200,OK,Pruebas carga 1-7,text,true,,259,1146,6,6,https://document-service.redbush-a66713c9.centralus.azurecontainerapps.io/documents,159,0,0
1788999869607,125,POST /documents,200,OK,Pruebas carga 1-5,text,true,,259,1146,6,6,https://document-service.redbush-a66713c9.centralus.azurecontainerapps.io/documents,125,0,0
1788999869389,451,POST /documents,200,OK,Pruebas carga 1-6,text,true,,259,1146,6,6,https://document-service.redbush-a66713c9.centralus.azurecontainerapps.io/documents,413,0,0
1788999869560,315,POST /documents,200,OK,Pruebas carga 1-10,text,true,,259,1146,6,6,https://document-service.redbush-a66713c9.centralus.azurecontainerapps.io/documents,315,0,0
1788999869622,295,POST /documents,200,OK,Pruebas carga 1-8,text,true,,259,1146,6,6,https://document-service.redbush-a66713c9.centralus.azurecontainerapps.io/documents,295,0,0
1788999869545,404,POST /documents,200,OK,Pruebas carga 1-9,text,true,,259,1146,6,6,https://document-service.redbush-a66713c9.centralus.azurecontainerapps.io/documents,403,0,0
1788999869745,265,POST /documents,200,OK,Pruebas carga 1-5,text,true,,259,1146,6,6,https://document-service.redbush-a66713c9.centralus.azurecontainerapps.io/documents,265,0,0
1788999869978,111,POST /documents,200,OK,Pruebas carga 1-10,text,true,,259,1146,6,6,https://document-service.redbush-a66713c9.centralus.azurecontainerapps.io/documents,111,0,0
1788999869698,403,POST /documents,200,OK,Pruebas carga 1-7,text,true,,259,1146,6,6,https://document-service.redbush-a66713c9.centralus.azurecontainerapps.io/documents,403,0,0
1788999869900,218,POST /documents,200,OK,Pruebas carga 1-6,text,true,,259,1146,6,6,https://document-service.redbush-a66713c9.centralus.azurecontainerapps.io/documents,218,0,0
1788999870010,116,POST /documents,200,OK,Pruebas carga 1-8,text,true,,259,1146,6,6,https://document-service.redbush-a66713c9.centralus.azurecontainerapps.io/documents,116,0,0
1788999870177,126,POST /documents,200,OK,Pruebas carga 1-6,text,true,,259,1146,6,6,https://document-service.redbush-a66713c9.centralus.azurecontainerapps.io/documents,126,0,0
1788999870177,144,POST /documents,200,OK,Pruebas carga 1-10,text,true,,259,1146,6,6,https://document-service.redbush-a66713c9.centralus.azurecontainerapps.io/documents,144,0,0
1788999870162,163,POST /documents,200,OK,Pruebas carga 1-8,text,true,,259,1146,6,6,https://document-service.redbush-a66713c9.centralus.azurecontainerapps.io/documents,163,0,0
1788999870056,296,POST /documents,200,OK,Pruebas carga 1-5,text,true,,259,1146,6,6,https://document-service.redbush-a66713c9.centralus.azurecontainerapps.io/documents,296,0,0
1788999870056,293,POST /documents,200,OK,Pruebas carga 1-9,text,true,,259,1146,6,6,https://document-service.redbush-a66713c9.centralus.azurecontainerapps.io/documents,293,0,0
1788999870177,204,POST /documents,200,OK,Pruebas carga 1-7,text,true,,259,1146,6,6,https://document-service.redbush-a66713c9.centralus.azurecontainerapps.io/documents,203,0,0
1788999870380,117,POST /documents,200,OK,Pruebas carga 1-8,text,true,,259,1146,6,6,https://document-service.redbush-a66713c9.centralus.azurecontainerapps.io/documents,117,0,0
1788999870365,150,POST /documents,200,OK,Pruebas carga 1-10,text,true,,259,1146,6,6,https://document-service.redbush-a66713c9.centralus.azurecontainerapps.io/documents,150,0,0
1788999870428,120,POST /documents,200,OK,Pruebas carga 1-5,text,true,,259,1146,6,6,https://document-service.redbush-a66713c9.centralus.azurecontainerapps.io/documents,120,0,0
1788999870334,264,POST /documents,200,OK,Pruebas carga 1-6,text,true,,259,1146,6,6,https://document-service.redbush-a66713c9.centralus.azurecontainerapps.io/documents,263,0,0
1788999870457,181,POST /documents,200,OK,Pruebas carga 1-7,text,true,,259,1146,6,6,https://document-service.redbush-a66713c9.centralus.azurecontainerapps.io/documents,181,0,0
1788999870412,241,POST /documents,200,OK,Pruebas carga 1-9,text,true,,259,1146,6,6,https://document-service.redbush-a66713c9.centralus.azurecontainerapps.io/documents,241,0,0
1788999870597,118,POST /documents,200,OK,Pruebas carga 1-8,text,true,,259,1146,6,6,https://document-service.redbush-a66713c9.centralus.azurecontainerapps.io/documents,118,0,0
1788999870597,162,POST /documents,200,OK,Pruebas carga 1-5,text,true,,259,1146,6,6,https://document-service.redbush-a66713c9.centralus.azurecontainerapps.io/documents,162,0,0
1788999870613,162,POST /documents,200,OK,Pruebas carga 1-10,text,true,,259,1146,6,6,https://document-service.redbush-a66713c9.centralus.azurecontainerapps.io/documents,162,0,0
1788999870657,118,POST /documents,200,OK,Pruebas carga 1-6,text,true,,259,1146,6,6,https://document-service.redbush-a66713c9.centralus.azurecontainerapps.io/documents,118,0,0
1788999870704,118,POST /documents,200,OK,Pruebas carga 1-9,text,true,,259,1146,6,6,https://document-service.redbush-a66713c9.centralus.azurecontainerapps.io/documents,116,0,0
1788999870815,116,POST /documents,200,OK,Pruebas carga 1-5,text,true,,259,1146,6,6,https://document-service.redbush-a66713c9.centralus.azurecontainerapps.io/documents,115,0,0
1788999870876,114,POST /documents,200,OK,Pruebas carga 1-10,text,true,,259,1146,6,6,https://document-service.redbush-a66713c9.centralus.azurecontainerapps.io/documents,114,0,0
1788999870922,114,POST /documents,200,OK,Pruebas carga 1-9,text,true,,259,1146,6,6,https://document-service.redbush-a66713c9.centralus.azurecontainerapps.io/documents,114,0,0
1788999870750,294,POST /documents,200,OK,Pruebas carga 1-7,text,true,,259,1146,6,6,https://document-service.redbush-a66713c9.centralus.azurecontainerapps.io/documents,294,0,0
1788999870815,330,POST /documents,200,OK,Pruebas carga 1-8,text,true,,259,1146,6,6,https://document-service.redbush-a66713c9.centralus.azurecontainerapps.io/documents,330,0,0
1788999870799,346,POST /documents,200,OK,Pruebas carga 1-6,text,true,,259,1146,6,6,https://document-service.redbush-a66713c9.centralus.azurecontainerapps.io/documents,346,0,0
1788999871060,118,POST /documents,200,OK,Pruebas carga 1-9,text,true,,259,1146,6,6,https://document-service.redbush-a66713c9.centralus.azurecontainerapps.io/documents,118,0,0
1788999871060,124,POST /documents,200,OK,Pruebas carga 1-7,text,true,,259,1146,6,6,https://document-service.redbush-a66713c9.centralus.azurecontainerapps.io/documents,124,0,0
1788999871093,106,POST /documents,200,OK,Pruebas carga 1-10,text,true,,259,1146,6,6,https://document-service.redbush-a66713c9.centralus.azurecontainerapps.io/documents,105,0,0
1788999871014,299,POST /documents,200,OK,Pruebas carga 1-5,text,true,,259,1146,6,6,https://document-service.redbush-a66713c9.centralus.azurecontainerapps.io/documents,298,0,0
1788999871232,116,POST /documents,200,OK,Pruebas carga 1-6,text,true,,259,1146,6,6,https://document-service.redbush-a66713c9.centralus.azurecontainerapps.io/documents,116,0,0
1788999871278,118,POST /documents,200,OK,Pruebas carga 1-9,text,true,,259,1146,6,6,https://document-service.redbush-a66713c9.centralus.azurecontainerapps.io/documents,118,0,0
1788999871278,123,POST /documents,200,OK,Pruebas carga 1-7,text,true,,259,1146,6,6,https://document-service.redbush-a66713c9.centralus.azurecontainerapps.io/documents,123,0,0
1788999871371,118,POST /documents,200,OK,Pruebas carga 1-5,text,true,,259,1146,6,6,https://document-service.redbush-a66713c9.centralus.azurecontainerapps.io/documents,118,0,0
1788999871416,114,POST /documents,200,OK,Pruebas carga 1-9,text,true,,259,1146,6,6,https://document-service.redbush-a66713c9.centralus.azurecontainerapps.io/documents,114,0,0
1788999871432,186,POST /documents,200,OK,Pruebas carga 1-6,text,true,,259,1146,6,6,https://document-service.redbush-a66713c9.centralus.azurecontainerapps.io/documents,185,0,0
1788999871247,497,POST /documents,200,OK,Pruebas carga 1-8,text,true,,259,1146,6,6,https://document-service.redbush-a66713c9.centralus.azurecontainerapps.io/documents,496,0,0
1788999871278,533,POST /documents,200,OK,Pruebas carga 1-10,text,true,,259,1146,6,6,https://document-service.redbush-a66713c9.centralus.azurecontainerapps.io/documents,466,0,0
1788999871711,121,POST /documents,200,OK,Pruebas carga 1-6,text,true,,259,1146,6,6,https://document-service.redbush-a66713c9.centralus.azurecontainerapps.io/documents,121,0,0
1788999871836,118,POST /documents,200,OK,Pruebas carga 1-8,text,true,,259,1146,6,6,https://document-service.redbush-a66713c9.centralus.azurecontainerapps.io/documents,118,0,0
1788999871602,399,POST /documents,200,OK,Pruebas carga 1-9,text,true,,259,1146,6,6,https://document-service.redbush-a66713c9.centralus.azurecontainerapps.io/documents,399,0,0
1788999871463,545,POST /documents,200,OK,Pruebas carga 1-7,text,true,,259,1146,6,6,https://document-service.redbush-a66713c9.centralus.azurecontainerapps.io/documents,545,0,0
1788999871897,137,POST /documents,200,OK,Pruebas carga 1-10,text,true,,259,1146,6,6,https://document-service.redbush-a66713c9.centralus.azurecontainerapps.io/documents,135,0,0
1788999871511,533,POST /documents,200,OK,Pruebas carga 1-5,text,true,,259,1146,6,6,https://document-service.redbush-a66713c9.centralus.azurecontainerapps.io/documents,533,0,0
1788999872006,123,POST /documents,200,OK,Pruebas carga 1-8,text,true,,259,1146,6,6,https://document-service.redbush-a66713c9.centralus.azurecontainerapps.io/documents,122,0,0
1788999872052,116,POST /documents,200,OK,Pruebas carga 1-7,text,true,,259,1146,6,6,https://document-service.redbush-a66713c9.centralus.azurecontainerapps.io/documents,114,0,0
1788999871897,301,POST /documents,200,OK,Pruebas carga 1-6,text,true,,259,1146,6,6,https://document-service.redbush-a66713c9.centralus.azurecontainerapps.io/documents,301,0,0
1788999872112,115,POST /documents,200,OK,Pruebas carga 1-5,text,true,,259,1146,6,6,https://document-service.redbush-a66713c9.centralus.azurecontainerapps.io/documents,115,0,0
1788999872127,115,POST /documents,200,OK,Pruebas carga 1-10,text,true,,259,1146,5,5,https://document-service.redbush-a66713c9.centralus.azurecontainerapps.io/documents,115,0,0
1788999872206,120,POST /documents,200,OK,Pruebas carga 1-7,text,true,,259,1146,5,5,https://document-service.redbush-a66713c9.centralus.azurecontainerapps.io/documents,119,0,0
1788999872190,147,POST /documents,200,OK,Pruebas carga 1-8,text,true,,259,1146,5,5,https://document-service.redbush-a66713c9.centralus.azurecontainerapps.io/documents,147,0,0
1788999872066,283,POST /documents,200,OK,Pruebas carga 1-9,text,true,,259,1146,5,5,https://document-service.redbush-a66713c9.centralus.azurecontainerapps.io/documents,283,0,0
1788999872316,108,POST /documents,200,OK,Pruebas carga 1-10,text,true,,259,1146,5,5,https://document-service.redbush-a66713c9.centralus.azurecontainerapps.io/documents,107,0,0
1788999872424,119,POST /documents,200,OK,Pruebas carga 1-9,text,true,,259,1146,5,5,https://document-service.redbush-a66713c9.centralus.azurecontainerapps.io/documents,119,0,0
1788999872440,113,POST /documents,200,OK,Pruebas carga 1-10,text,true,,259,1146,5,5,https://document-service.redbush-a66713c9.centralus.azurecontainerapps.io/documents,113,0,0
1788999872253,428,POST /documents,200,OK,Pruebas carga 1-6,text,true,,259,1146,5,5,https://document-service.redbush-a66713c9.centralus.azurecontainerapps.io/documents,428,0,0
1788999872424,326,POST /documents,200,OK,Pruebas carga 1-8,text,true,,259,1146,5,5,https://document-service.redbush-a66713c9.centralus.azurecontainerapps.io/documents,326,0,0
1788999872409,341,POST /documents,200,OK,Pruebas carga 1-7,text,true,,259,1146,5,5,https://document-service.redbush-a66713c9.centralus.azurecontainerapps.io/documents,341,0,0
1788999872628,123,POST /documents,200,OK,Pruebas carga 1-9,text,true,,259,1146,5,5,https://document-service.redbush-a66713c9.centralus.azurecontainerapps.io/documents,123,0,0
1788999872565,242,POST /documents,200,OK,Pruebas carga 1-10,text,true,,259,1146,5,5,https://document-service.redbush-a66713c9.centralus.azurecontainerapps.io/documents,242,0,0
1788999872750,115,POST /documents,200,OK,Pruebas carga 1-6,text,true,,259,1146,5,5,https://document-service.redbush-a66713c9.centralus.azurecontainerapps.io/documents,115,0,0
1788999872843,127,POST /documents,200,OK,Pruebas carga 1-9,text,true,,259,1146,5,5,https://document-service.redbush-a66713c9.centralus.azurecontainerapps.io/documents,127,0,0
1788999872858,116,POST /documents,200,OK,Pruebas carga 1-7,text,true,,259,1146,5,5,https://document-service.redbush-a66713c9.centralus.azurecontainerapps.io/documents,116,0,0
1788999872906,132,POST /documents,200,OK,Pruebas carga 1-10,text,true,,259,1146,5,5,https://document-service.redbush-a66713c9.centralus.azurecontainerapps.io/documents,132,0,0
1788999873014,114,POST /documents,200,OK,Pruebas carga 1-9,text,true,,259,1146,5,5,https://document-service.redbush-a66713c9.centralus.azurecontainerapps.io/documents,114,0,0
1788999872984,148,POST /documents,200,OK,Pruebas carga 1-7,text,true,,259,1146,5,5,https://document-service.redbush-a66713c9.centralus.azurecontainerapps.io/documents,148,0,0
1788999873077,131,POST /documents,200,OK,Pruebas carga 1-10,text,true,,259,1146,5,5,https://document-service.redbush-a66713c9.centralus.azurecontainerapps.io/documents,131,0,0
1788999872968,240,POST /documents,200,OK,Pruebas carga 1-6,text,true,,259,1146,5,5,https://document-service.redbush-a66713c9.centralus.azurecontainerapps.io/documents,240,0,0
1788999872858,350,POST /documents,200,OK,Pruebas carga 1-8,text,true,,259,1146,5,5,https://document-service.redbush-a66713c9.centralus.azurecontainerapps.io/documents,350,0,0
1788999873139,117,POST /documents,200,OK,Pruebas carga 1-9,text,true,,259,1146,5,5,https://document-service.redbush-a66713c9.centralus.azurecontainerapps.io/documents,117,0,0
1788999873232,118,POST /documents,200,OK,Pruebas carga 1-6,text,true,,259,1146,5,5,https://document-service.redbush-a66713c9.centralus.azurecontainerapps.io/documents,118,0,0
1788999873171,179,POST /documents,200,OK,Pruebas carga 1-7,text,true,,259,1146,5,5,https://document-service.redbush-a66713c9.centralus.azurecontainerapps.io/documents,179,0,0
1788999873294,119,POST /documents,200,OK,Pruebas carga 1-9,text,true,,259,1146,4,4,https://document-service.redbush-a66713c9.centralus.azurecontainerapps.io/documents,119,0,0
1788999873390,135,POST /documents,200,OK,Pruebas carga 1-7,text,true,,259,1146,4,4,https://document-service.redbush-a66713c9.centralus.azurecontainerapps.io/documents,135,0,0
1788999873247,297,POST /documents,200,OK,Pruebas carga 1-8,text,true,,259,1146,4,4,https://document-service.redbush-a66713c9.centralus.azurecontainerapps.io/documents,296,0,0
1788999873279,266,POST /documents,200,OK,Pruebas carga 1-10,text,true,,259,1146,4,4,https://document-service.redbush-a66713c9.centralus.azurecontainerapps.io/documents,266,0,0
1788999873483,120,POST /documents,200,OK,Pruebas carga 1-9,text,true,,259,1146,4,4,https://document-service.redbush-a66713c9.centralus.azurecontainerapps.io/documents,120,0,0
1788999873545,165,POST /documents,200,OK,Pruebas carga 1-7,text,true,,259,1146,4,4,https://document-service.redbush-a66713c9.centralus.azurecontainerapps.io/documents,165,0,0
1788999873607,116,POST /documents,200,OK,Pruebas carga 1-10,text,true,,259,1146,4,4,https://document-service.redbush-a66713c9.centralus.azurecontainerapps.io/documents,116,0,0
1788999873668,114,POST /documents,200,OK,Pruebas carga 1-9,text,true,,259,1146,4,4,https://document-service.redbush-a66713c9.centralus.azurecontainerapps.io/documents,113,0,0
1788999873731,116,POST /documents,200,OK,Pruebas carga 1-10,text,true,,259,1146,4,4,https://document-service.redbush-a66713c9.centralus.azurecontainerapps.io/documents,116,0,0
1788999873808,125,POST /documents,200,OK,Pruebas carga 1-9,text,true,,259,1146,4,4,https://document-service.redbush-a66713c9.centralus.azurecontainerapps.io/documents,125,0,0
1788999873746,456,POST /documents,200,OK,Pruebas carga 1-7,text,true,,259,1146,4,4,https://document-service.redbush-a66713c9.centralus.azurecontainerapps.io/documents,456,0,0
1788999873871,432,POST /documents,200,OK,Pruebas carga 1-10,text,true,,259,1146,4,4,https://document-service.redbush-a66713c9.centralus.azurecontainerapps.io/documents,431,0,0
1788999873963,351,POST /documents,200,OK,Pruebas carga 1-9,text,true,,259,1146,4,4,https://document-service.redbush-a66713c9.centralus.azurecontainerapps.io/documents,350,0,0
1788999874214,120,POST /documents,200,OK,Pruebas carga 1-7,text,true,,259,1146,4,4,https://document-service.redbush-a66713c9.centralus.azurecontainerapps.io/documents,120,0,0
1788999873622,812,POST /documents,200,OK,Pruebas carga 1-8,text,true,,259,1146,4,4,https://document-service.redbush-a66713c9.centralus.azurecontainerapps.io/documents,812,0,0
1788999874372,124,POST /documents,200,OK,Pruebas carga 1-7,text,true,,259,1146,4,4,https://document-service.redbush-a66713c9.centralus.azurecontainerapps.io/documents,123,0,0
1788999874388,108,POST /documents,200,OK,Pruebas carga 1-10,text,true,,259,1146,4,4,https://document-service.redbush-a66713c9.centralus.azurecontainerapps.io/documents,107,0,0
1788999874372,124,POST /documents,200,OK,Pruebas carga 1-9,text,true,,259,1146,4,4,https://document-service.redbush-a66713c9.centralus.azurecontainerapps.io/documents,123,0,0
1788999874478,125,POST /documents,200,OK,Pruebas carga 1-8,text,true,,259,1146,4,4,https://document-service.redbush-a66713c9.centralus.azurecontainerapps.io/documents,125,0,0
1788999874527,114,POST /documents,200,OK,Pruebas carga 1-9,text,true,,259,1146,4,4,https://document-service.redbush-a66713c9.centralus.azurecontainerapps.io/documents,114,0,0
1788999874558,115,POST /documents,200,OK,Pruebas carga 1-10,text,true,,259,1146,4,4,https://document-service.redbush-a66713c9.centralus.azurecontainerapps.io/documents,115,0,0
1788999874589,153,POST /documents,200,OK,Pruebas carga 1-7,text,true,,259,1146,4,4,https://document-service.redbush-a66713c9.centralus.azurecontainerapps.io/documents,153,0,0
1788999874699,115,POST /documents,200,OK,Pruebas carga 1-9,text,true,,259,1146,4,4,https://document-service.redbush-a66713c9.centralus.azurecontainerapps.io/documents,115,0,0
1788999874699,117,POST /documents,200,OK,Pruebas carga 1-8,text,true,,259,1146,4,4,https://document-service.redbush-a66713c9.centralus.azurecontainerapps.io/documents,117,0,0
1788999874683,174,POST /documents,200,OK,Pruebas carga 1-10,text,true,,259,1146,4,4,https://document-service.redbush-a66713c9.centralus.azurecontainerapps.io/documents,174,0,0
1788999874775,113,POST /documents,200,OK,Pruebas carga 1-7,text,true,,259,1146,4,4,https://document-service.redbush-a66713c9.centralus.azurecontainerapps.io/documents,113,0,0
1788999874883,132,POST /documents,200,OK,Pruebas carga 1-8,text,true,,259,1146,4,4,https://document-service.redbush-a66713c9.centralus.azurecontainerapps.io/documents,132,0,0
1788999874898,117,POST /documents,200,OK,Pruebas carga 1-9,text,true,,259,1146,4,4,https://document-service.redbush-a66713c9.centralus.azurecontainerapps.io/documents,117,0,0
1788999874898,117,POST /documents,200,OK,Pruebas carga 1-7,text,true,,259,1146,4,4,https://document-service.redbush-a66713c9.centralus.azurecontainerapps.io/documents,117,0,0
1788999874930,107,POST /documents,200,OK,Pruebas carga 1-10,text,true,,259,1146,4,4,https://document-service.redbush-a66713c9.centralus.azurecontainerapps.io/documents,107,0,0
1788999875038,115,POST /documents,200,OK,Pruebas carga 1-8,text,true,,259,1146,4,4,https://document-service.redbush-a66713c9.centralus.azurecontainerapps.io/documents,115,0,0
1788999875054,145,POST /documents,200,OK,Pruebas carga 1-9,text,true,,259,1146,4,4,https://document-service.redbush-a66713c9.centralus.azurecontainerapps.io/documents,144,0,0
1788999875132,109,POST /documents,200,OK,Pruebas carga 1-10,text,true,,259,1146,4,4,https://document-service.redbush-a66713c9.centralus.azurecontainerapps.io/documents,109,0,0
1788999875085,181,POST /documents,200,OK,Pruebas carga 1-7,text,true,,259,1146,4,4,https://document-service.redbush-a66713c9.centralus.azurecontainerapps.io/documents,181,0,0
1788999875178,115,POST /documents,200,OK,Pruebas carga 1-8,text,true,,259,1146,4,4,https://document-service.redbush-a66713c9.centralus.azurecontainerapps.io/documents,115,0,0
1788999875302,124,POST /documents,200,OK,Pruebas carga 1-9,text,true,,259,1146,4,4,https://document-service.redbush-a66713c9.centralus.azurecontainerapps.io/documents,124,0,0
1788999875317,122,POST /documents,200,OK,Pruebas carga 1-8,text,true,,259,1146,4,4,https://document-service.redbush-a66713c9.centralus.azurecontainerapps.io/documents,122,0,0
1788999875333,128,POST /documents,200,OK,Pruebas carga 1-10,text,true,,259,1146,4,4,https://document-service.redbush-a66713c9.centralus.azurecontainerapps.io/documents,128,0,0
1788999875365,119,POST /documents,200,OK,Pruebas carga 1-7,text,true,,259,1146,4,4,https://document-service.redbush-a66713c9.centralus.azurecontainerapps.io/documents,119,0,0
1788999875458,115,POST /documents,200,OK,Pruebas carga 1-8,text,true,,259,1146,4,4,https://document-service.redbush-a66713c9.centralus.azurecontainerapps.io/documents,115,0,0
1788999875522,113,POST /documents,200,OK,Pruebas carga 1-9,text,true,,259,1146,4,4,https://document-service.redbush-a66713c9.centralus.azurecontainerapps.io/documents,113,0,0
1788999875538,108,POST /documents,200,OK,Pruebas carga 1-10,text,true,,259,1146,4,4,https://document-service.redbush-a66713c9.centralus.azurecontainerapps.io/documents,108,0,0
1788999875569,121,POST /documents,200,OK,Pruebas carga 1-7,text,true,,259,1146,4,4,https://document-service.redbush-a66713c9.centralus.azurecontainerapps.io/documents,121,0,0
1788999875585,130,POST /documents,200,OK,Pruebas carga 1-8,text,true,,259,1146,4,4,https://document-service.redbush-a66713c9.centralus.azurecontainerapps.io/documents,130,0,0
1788999875711,118,POST /documents,200,OK,Pruebas carga 1-9,text,true,,259,1146,4,4,https://document-service.redbush-a66713c9.centralus.azurecontainerapps.io/documents,118,0,0
1788999875759,117,POST /documents,200,OK,Pruebas carga 1-8,text,true,,259,1146,4,4,https://document-service.redbush-a66713c9.centralus.azurecontainerapps.io/documents,117,0,0
1788999875759,117,POST /documents,200,OK,Pruebas carga 1-10,text,true,,259,1146,4,4,https://document-service.redbush-a66713c9.centralus.azurecontainerapps.io/documents,117,0,0
1788999875774,117,POST /documents,200,OK,Pruebas carga 1-7,text,true,,259,1146,4,4,https://document-service.redbush-a66713c9.centralus.azurecontainerapps.io/documents,117,0,0
1788999875898,116,POST /documents,200,OK,Pruebas carga 1-8,text,true,,259,1146,4,4,https://document-service.redbush-a66713c9.centralus.azurecontainerapps.io/documents,116,0,0
1788999875930,113,POST /documents,200,OK,Pruebas carga 1-9,text,true,,259,1146,4,4,https://document-service.redbush-a66713c9.centralus.azurecontainerapps.io/documents,113,0,0
1788999875946,109,POST /documents,200,OK,Pruebas carga 1-10,text,true,,259,1146,4,4,https://document-service.redbush-a66713c9.centralus.azurecontainerapps.io/documents,109,0,0
1788999875962,112,POST /documents,200,OK,Pruebas carga 1-7,text,true,,259,1146,4,4,https://document-service.redbush-a66713c9.centralus.azurecontainerapps.io/documents,112,0,0
1788999876040,114,POST /documents,200,OK,Pruebas carga 1-8,text,true,,259,1146,4,4,https://document-service.redbush-a66713c9.centralus.azurecontainerapps.io/documents,114,0,0
1788999876088,112,POST /documents,200,OK,Pruebas carga 1-9,text,true,,259,1146,4,4,https://document-service.redbush-a66713c9.centralus.azurecontainerapps.io/documents,112,0,0
1788999876182,123,POST /documents,200,OK,Pruebas carga 1-7,text,true,,259,1146,4,4,https://document-service.redbush-a66713c9.centralus.azurecontainerapps.io/documents,122,0,0
1788999876167,157,POST /documents,200,OK,Pruebas carga 1-10,text,true,,259,1146,3,3,https://document-service.redbush-a66713c9.centralus.azurecontainerapps.io/documents,157,0,0
1788999876214,116,POST /documents,200,OK,Pruebas carga 1-9,text,true,,259,1146,3,3,https://document-service.redbush-a66713c9.centralus.azurecontainerapps.io/documents,116,0,0
1788999876245,117,POST /documents,200,OK,Pruebas carga 1-8,text,true,,259,1146,3,3,https://document-service.redbush-a66713c9.centralus.azurecontainerapps.io/documents,117,0,0
1788999876385,112,POST /documents,200,OK,Pruebas carga 1-8,text,true,,259,1146,3,3,https://document-service.redbush-a66713c9.centralus.azurecontainerapps.io/documents,112,0,0
1788999876385,116,POST /documents,200,OK,Pruebas carga 1-9,text,true,,259,1146,3,3,https://document-service.redbush-a66713c9.centralus.azurecontainerapps.io/documents,116,0,0
1788999876400,113,POST /documents,200,OK,Pruebas carga 1-10,text,true,,259,1146,3,3,https://document-service.redbush-a66713c9.centralus.azurecontainerapps.io/documents,112,0,0
1788999876555,139,POST /documents,200,OK,Pruebas carga 1-8,text,true,,259,1146,3,3,https://document-service.redbush-a66713c9.centralus.azurecontainerapps.io/documents,139,0,0
1788999876601,153,POST /documents,200,OK,Pruebas carga 1-10,text,true,,259,1146,3,3,https://document-service.redbush-a66713c9.centralus.azurecontainerapps.io/documents,153,0,0
1788999876601,153,POST /documents,200,OK,Pruebas carga 1-9,text,true,,259,1146,3,3,https://document-service.redbush-a66713c9.centralus.azurecontainerapps.io/documents,153,0,0
1788999876756,114,POST /documents,200,OK,Pruebas carga 1-8,text,true,,259,1146,3,3,https://document-service.redbush-a66713c9.centralus.azurecontainerapps.io/documents,114,0,0
1788999876821,123,POST /documents,200,OK,Pruebas carga 1-9,text,true,,259,1146,3,3,https://document-service.redbush-a66713c9.centralus.azurecontainerapps.io/documents,122,0,0
1788999876837,107,POST /documents,200,OK,Pruebas carga 1-10,text,true,,259,1146,3,3,https://document-service.redbush-a66713c9.centralus.azurecontainerapps.io/documents,107,0,0
1788999876960,109,POST /documents,200,OK,Pruebas carga 1-10,text,true,,259,1146,3,3,https://document-service.redbush-a66713c9.centralus.azurecontainerapps.io/documents,109,0,0
1788999876960,113,POST /documents,200,OK,Pruebas carga 1-9,text,true,,259,1146,3,3,https://document-service.redbush-a66713c9.centralus.azurecontainerapps.io/documents,113,0,0
1788999876945,199,POST /documents,200,OK,Pruebas carga 1-8,text,true,,259,1146,3,3,https://document-service.redbush-a66713c9.centralus.azurecontainerapps.io/documents,199,0,0
1788999877115,117,POST /documents,200,OK,Pruebas carga 1-9,text,true,,259,1146,3,3,https://document-service.redbush-a66713c9.centralus.azurecontainerapps.io/documents,117,0,0
1788999877146,131,POST /documents,200,OK,Pruebas carga 1-10,text,true,,259,1146,3,3,https://document-service.redbush-a66713c9.centralus.azurecontainerapps.io/documents,131,0,0
1788999877300,115,POST /documents,200,OK,Pruebas carga 1-9,text,true,,259,1146,3,3,https://document-service.redbush-a66713c9.centralus.azurecontainerapps.io/documents,115,0,0
1788999877224,195,POST /documents,200,OK,Pruebas carga 1-8,text,true,,259,1146,3,3,https://document-service.redbush-a66713c9.centralus.azurecontainerapps.io/documents,195,0,0
1788999877379,107,POST /documents,200,OK,Pruebas carga 1-10,text,true,,259,1146,2,2,https://document-service.redbush-a66713c9.centralus.azurecontainerapps.io/documents,107,0,0
1788999877440,114,POST /documents,200,OK,Pruebas carga 1-9,text,true,,259,1146,2,2,https://document-service.redbush-a66713c9.centralus.azurecontainerapps.io/documents,114,0,0
1788999877583,115,POST /documents,200,OK,Pruebas carga 1-10,text,true,,259,1146,1,1,https://document-service.redbush-a66713c9.centralus.azurecontainerapps.io/documents,114,0,0
1788999877739,140,POST /documents,200,OK,Pruebas carga 1-10,text,true,,259,1146,1,1,https://document-service.redbush-a66713c9.centralus.azurecontainerapps.io/documents,140,0,0
1788999877942,108,POST /documents,200,OK,Pruebas carga 1-10,text,true,,259,1146,1,1,https://document-service.redbush-a66713c9.centralus.azurecontainerapps.io/documents,108,0,0
1788999878144,109,POST /documents,200,OK,Pruebas carga 1-10,text,true,,259,1146,1,1,https://document-service.redbush-a66713c9.centralus.azurecontainerapps.io/documents,108,0,0
1788999878346,126,POST /documents,200,OK,Pruebas carga 1-10,text,true,,259,1146,1,1,https://document-service.redbush-a66713c9.centralus.azurecontainerapps.io/documents,125,0,0
1788999878562,111,POST /documents,200,OK,Pruebas carga 1-10,text,true,,259,1146,1,1,https://document-service.redbush-a66713c9.centralus.azurecontainerapps.io/documents,111,0,0
1788999878762,114,POST /documents,200,OK,Pruebas carga 1-10,text,true,,259,1146,1,1,https://document-service.redbush-a66713c9.centralus.azurecontainerapps.io/documents,114,0,0
1788999878916,112,POST /documents,200,OK,Pruebas carga 1-10,text,true,,259,1146,1,1,https://document-service.redbush-a66713c9.centralus.azurecontainerapps.io/documents,112,0,0
1788999879086,108,POST /documents,200,OK,Pruebas carga 1-10,text,true,,259,1146,1,1,https://document-service.redbush-a66713c9.centralus.azurecontainerapps.io/documents,108,0,0
1788999879290,113,POST /documents,200,OK,Pruebas carga 1-10,text,true,,259,1146,1,1,https://document-service.redbush-a66713c9.centralus.azurecontainerapps.io/documents,111,0,0
