timeStamp,elapsed,label,responseCode,responseMessage,threadName,dataType,success,failureMessage,bytes,sentBytes,grpThreads,allThreads,Latency,IdleTime,Connect
1789340179693,1280,GET /actuator/health,200,OK,setUp - health check 1-1,text,true,,176,241,1,1,1198,0,389
1789340181020,1400,POST /documents,200,OK,Create Document - carga 1-1,text,true,,259,1113,1,1,1400,0,203
1789340182502,1748,POST /documents,200,OK,Create Document - carga 1-1,text,true,,259,1113,2,2,1747,0,0
1789340183087,1163,POST /documents,200,OK,Create Document - carga 1-2,text,true,,259,1113,2,2,1163,0,199
1789340185082,790,POST /documents,200,OK,Create Document - carga 1-3,text,true,,259,1113,3,3,790,0,655
1789340185879,510,POST /documents,200,OK,Create Document - carga 1-3,text,true,,259,1113,3,3,509,0,0
1789340184274,2115,POST /documents,200,OK,Create Document - carga 1-2,text,true,,259,1113,3,3,2114,0,0
1789340184276,2113,POST /documents,200,OK,Create Document - carga 1-1,text,true,,259,1113,3,3,2112,0,0
1789340186469,219,POST /documents,200,OK,Create Document - carga 1-3,text,true,,259,1113,3,3,219,0,0
1789340186476,212,POST /documents,200,OK,Create Document - carga 1-2,text,true,,259,1113,3,3,212,0,0
1789340186490,229,POST /documents,200,OK,Create Document - carga 1-1,text,true,,259,1113,3,3,229,0,0
1789340186736,140,POST /documents,200,OK,Create Document - carga 1-2,text,true,,259,1113,3,3,139,0,0
1789340186746,225,POST /documents,200,OK,Create Document - carga 1-3,text,true,,259,1113,3,3,224,0,0
1789340186921,143,POST /documents,200,OK,Create Document - carga 1-2,text,true,,259,1113,4,4,126,0,0
1789340186793,284,POST /documents,200,OK,Create Document - carga 1-1,text,true,,259,1113,4,4,284,0,0
1789340187035,124,POST /documents,200,OK,Create Document - carga 1-3,text,true,,259,1113,4,4,124,0,0
1789340187160,121,POST /documents,200,OK,Create Document - carga 1-1,text,true,,259,1113,4,4,120,0,0
1789340187151,165,POST /documents,200,OK,Create Document - carga 1-2,text,true,,259,1113,4,4,164,0,0
1789340187185,225,POST /documents,200,OK,Create Document - carga 1-3,text,true,,259,1113,4,4,199,0,0
1789340187004,414,POST /documents,200,OK,Create Document - carga 1-4,text,true,,259,1113,4,4,414,0,195
1789340187366,129,POST /documents,200,OK,Create Document - carga 1-2,text,true,,259,1113,4,4,129,0,0
1789340187348,178,POST /documents,200,OK,Create Document - carga 1-1,text,true,,259,1113,4,4,178,0,0
1789340187470,190,POST /documents,200,OK,Create Document - carga 1-4,text,true,,259,1113,4,4,190,0,0
1789340187539,121,POST /documents,200,OK,Create Document - carga 1-2,text,true,,259,1113,4,4,121,0,0
1789340187485,186,POST /documents,200,OK,Create Document - carga 1-3,text,true,,259,1113,4,4,186,0,0
1789340187582,196,POST /documents,200,OK,Create Document - carga 1-1,text,true,,259,1113,4,4,196,0,0
1789340187694,121,POST /documents,200,OK,Create Document - carga 1-4,text,true,,259,1113,4,4,121,0,0
1789340187710,130,POST /documents,200,OK,Create Document - carga 1-2,text,true,,259,1113,4,4,130,0,0
1789340187719,178,POST /documents,200,OK,Create Document - carga 1-3,text,true,,259,1113,4,4,177,0,0
1789340187869,125,POST /documents,200,OK,Create Document - carga 1-1,text,true,,259,1113,4,4,125,0,0
1789340187894,122,POST /documents,200,OK,Create Document - carga 1-4,text,true,,259,1113,4,4,121,0,0
1789340187934,129,POST /documents,200,OK,Create Document - carga 1-2,text,true,,259,1113,4,4,129,0,0
1789340187944,156,POST /documents,200,OK,Create Document - carga 1-3,text,true,,259,1113,4,4,156,0,0
1789340188030,120,POST /documents,200,OK,Create Document - carga 1-1,text,true,,259,1113,4,4,120,0,0
1789340188026,125,POST /documents,200,OK,Create Document - carga 1-4,text,true,,259,1113,4,4,125,0,0
1789340188152,123,POST /documents,200,OK,Create Document - carga 1-2,text,true,,259,1113,4,4,123,0,0
1789340188158,125,POST /documents,200,OK,Create Document - carga 1-3,text,true,,259,1113,4,4,124,0,0
1789340188228,121,POST /documents,200,OK,Create Document - carga 1-4,text,true,,259,1113,4,4,121,0,0
1789340188228,131,POST /documents,200,OK,Create Document - carga 1-1,text,true,,259,1113,4,4,131,0,0
1789340188322,117,POST /documents,200,OK,Create Document - carga 1-3,text,true,,259,1113,4,4,117,0,0
1789340188353,132,POST /documents,200,OK,Create Document - carga 1-2,text,true,,259,1113,4,4,132,0,0
1789340188387,140,POST /documents,200,OK,Create Document - carga 1-4,text,true,,259,1113,4,4,140,0,0
1789340188456,119,POST /documents,200,OK,Create Document - carga 1-1,text,true,,259,1113,4,4,118,0,0
1789340188458,134,POST /documents,200,OK,Create Document - carga 1-3,text,true,,259,1113,4,4,134,0,0
1789340188493,122,POST /documents,200,OK,Create Document - carga 1-2,text,true,,259,1113,4,4,122,0,0
1789340188600,119,POST /documents,200,OK,Create Document - carga 1-4,text,true,,259,1113,4,4,119,0,0
1789340188644,127,POST /documents,200,OK,Create Document - carga 1-3,text,true,,259,1113,4,4,127,0,0
1789340188669,151,POST /documents,200,OK,Create Document - carga 1-2,text,true,,259,1113,4,4,151,0,0
1789340188611,209,POST /documents,200,OK,Create Document - carga 1-1,text,true,,259,1113,4,4,209,0,0
1789340188727,115,POST /documents,200,OK,Create Document - carga 1-4,text,true,,259,1113,4,4,115,0,0
1789340188836,128,POST /documents,200,OK,Create Document - carga 1-1,text,true,,259,1113,4,4,128,0,0
1789340188841,126,POST /documents,200,OK,Create Document - carga 1-3,text,true,,259,1113,4,4,125,0,0
1789340188859,121,POST /documents,200,OK,Create Document - carga 1-4,text,true,,259,1113,4,4,121,0,0
1789340188920,153,POST /documents,200,OK,Create Document - carga 1-2,text,true,,259,1113,5,5,153,0,0
1789340188975,137,POST /documents,200,OK,Create Document - carga 1-1,text,true,,259,1113,5,5,137,0,0
1789340189033,128,POST /documents,200,OK,Create Document - carga 1-3,text,true,,259,1113,5,5,128,0,0
1789340189050,124,POST /documents,200,OK,Create Document - carga 1-4,text,true,,259,1113,5,5,124,0,0
1789340189162,129,POST /documents,200,OK,Create Document - carga 1-1,text,true,,259,1113,5,5,129,0,0
1789340189170,125,POST /documents,200,OK,Create Document - carga 1-2,text,true,,259,1113,5,5,125,0,0
1789340189053,315,POST /documents,200,OK,Create Document - carga 1-5,text,true,,259,1113,5,5,315,0,193
1789340189258,124,POST /documents,200,OK,Create Document - carga 1-3,text,true,,259,1113,5,5,123,0,0
1789340189264,126,POST /documents,200,OK,Create Document - carga 1-4,text,true,,259,1113,5,5,126,0,0
1789340189322,158,POST /documents,200,OK,Create Document - carga 1-1,text,true,,259,1113,5,5,158,0,0
1789340189313,170,POST /documents,200,OK,Create Document - carga 1-2,text,true,,259,1113,5,5,170,0,0
1789340189438,120,POST /documents,200,OK,Create Document - carga 1-5,text,true,,259,1113,5,5,120,0,0
1789340189459,123,POST /documents,200,OK,Create Document - carga 1-3,text,true,,259,1113,5,5,123,0,0
1789340189565,125,POST /documents,200,OK,Create Document - carga 1-5,text,true,,259,1113,5,5,125,0,0
1789340189575,116,POST /documents,200,OK,Create Document - carga 1-1,text,true,,259,1113,5,5,116,0,0
1789340189462,247,POST /documents,200,OK,Create Document - carga 1-4,text,true,,259,1113,5,5,247,0,0
1789340189540,199,POST /documents,200,OK,Create Document - carga 1-2,text,true,,259,1113,5,5,199,0,0
1789340189640,196,POST /documents,200,OK,Create Document - carga 1-3,text,true,,259,1113,5,5,195,0,0
1789340189722,119,POST /documents,200,OK,Create Document - carga 1-4,text,true,,259,1113,5,5,119,0,0
1789340189757,125,POST /documents,200,OK,Create Document - carga 1-5,text,true,,259,1113,5,5,124,0,0
1789340189698,223,POST /documents,200,OK,Create Document - carga 1-1,text,true,,259,1113,5,5,223,0,0
1789340189814,131,POST /documents,200,OK,Create Document - carga 1-2,text,true,,259,1113,5,5,131,0,0
1789340189883,117,POST /documents,200,OK,Create Document - carga 1-5,text,true,,259,1113,5,5,117,0,0
1789340189927,119,POST /documents,200,OK,Create Document - carga 1-3,text,true,,259,1113,5,5,119,0,0
1789340189935,116,POST /documents,200,OK,Create Document - carga 1-4,text,true,,259,1113,5,5,116,0,0
1789340189952,136,POST /documents,200,OK,Create Document - carga 1-2,text,true,,259,1113,5,5,135,0,0
1789340189999,120,POST /documents,200,OK,Create Document - carga 1-1,text,true,,259,1113,5,5,119,0,0
1789340190055,126,POST /documents,200,OK,Create Document - carga 1-5,text,true,,259,1113,5,5,126,0,0
1789340190090,124,POST /documents,200,OK,Create Document - carga 1-4,text,true,,259,1113,5,5,124,0,0
1789340190134,122,POST /documents,200,OK,Create Document - carga 1-3,text,true,,259,1113,5,5,122,0,0
1789340190152,144,POST /documents,200,OK,Create Document - carga 1-1,text,true,,259,1113,5,5,144,0,0
1789340190189,127,POST /documents,200,OK,Create Document - carga 1-2,text,true,,259,1113,5,5,126,0,0
1789340190238,116,POST /documents,200,OK,Create Document - carga 1-4,text,true,,259,1113,5,5,116,0,0
1789340190225,149,POST /documents,200,OK,Create Document - carga 1-5,text,true,,259,1113,5,5,147,0,0
1789340190296,139,POST /documents,200,OK,Create Document - carga 1-3,text,true,,259,1113,5,5,138,0,0
1789340190394,126,POST /documents,200,OK,Create Document - carga 1-1,text,true,,259,1113,5,5,126,0,0
1789340190402,118,POST /documents,200,OK,Create Document - carga 1-4,text,true,,259,1113,5,5,118,0,0
1789340190412,123,POST /documents,200,OK,Create Document - carga 1-5,text,true,,259,1113,5,5,123,0,0
1789340190400,148,POST /documents,200,OK,Create Document - carga 1-2,text,true,,259,1113,5,5,147,0,0
1789340190462,128,POST /documents,200,OK,Create Document - carga 1-3,text,true,,259,1113,5,5,128,0,0
1789340190581,124,POST /documents,200,OK,Create Document - carga 1-4,text,true,,259,1113,5,5,123,0,0
1789340190615,122,POST /documents,200,OK,Create Document - carga 1-5,text,true,,259,1113,5,5,122,0,0
1789340190620,127,POST /documents,200,OK,Create Document - carga 1-2,text,true,,259,1113,5,5,127,0,0
1789340190665,136,POST /documents,200,OK,Create Document - carga 1-3,text,true,,259,1113,5,5,136,0,0
1789340190601,209,POST /documents,200,OK,Create Document - carga 1-1,text,true,,259,1113,5,5,208,0,0
1789340190769,120,POST /documents,200,OK,Create Document - carga 1-4,text,true,,259,1113,5,5,120,0,0
1789340190799,116,POST /documents,200,OK,Create Document - carga 1-5,text,true,,259,1113,5,5,116,0,0
1789340190922,118,POST /documents,200,OK,Create Document - carga 1-4,text,true,,259,1113,6,6,117,0,0
1789340190933,124,POST /documents,200,OK,Create Document - carga 1-5,text,true,,259,1113,6,6,123,0,0
1789340190759,335,POST /documents,200,OK,Create Document - carga 1-2,text,true,,259,1113,6,6,335,0,0
1789340191058,114,POST /documents,200,OK,Create Document - carga 1-5,text,true,,259,1113,6,6,114,0,0
1789340190818,357,POST /documents,200,OK,Create Document - carga 1-1,text,true,,259,1113,6,6,355,0,0
1789340190889,293,POST /documents,200,OK,Create Document - carga 1-3,text,true,,259,1113,6,6,292,0,0
1789340191185,123,POST /documents,200,OK,Create Document - carga 1-2,text,true,,259,1113,6,6,123,0,0
1789340191218,120,POST /documents,200,OK,Create Document - carga 1-5,text,true,,259,1113,6,6,120,0,0
1789340191011,349,POST /documents,200,OK,Create Document - carga 1-6,text,true,,259,1113,6,6,349,0,196
1789340191045,331,POST /documents,200,OK,Create Document - carga 1-4,text,true,,259,1113,6,6,331,0,0
1789340191245,133,POST /documents,200,OK,Create Document - carga 1-3,text,true,,259,1113,6,6,133,0,0
1789340191183,197,POST /documents,200,OK,Create Document - carga 1-1,text,true,,259,1113,6,6,197,0,0
1789340191324,122,POST /documents,200,OK,Create Document - carga 1-2,text,true,,259,1113,6,6,121,0,0
1789340191389,125,POST /documents,200,OK,Create Document - carga 1-3,text,true,,259,1113,6,6,125,0,0
1789340191398,122,POST /documents,200,OK,Create Document - carga 1-5,text,true,,259,1113,6,6,121,0,0
1789340191450,121,POST /documents,200,OK,Create Document - carga 1-6,text,true,,259,1113,6,6,121,0,0
1789340191462,111,POST /documents,200,OK,Create Document - carga 1-4,text,true,,259,1113,6,6,110,0,0
1789340191484,120,POST /documents,200,OK,Create Document - carga 1-2,text,true,,259,1113,6,6,120,0,0
1789340191458,156,POST /documents,200,OK,Create Document - carga 1-1,text,true,,259,1113,6,6,156,0,0
1789340191528,169,POST /documents,200,OK,Create Document - carga 1-3,text,true,,259,1113,6,6,169,0,0
1789340191592,110,POST /documents,200,OK,Create Document - carga 1-4,text,true,,259,1113,6,6,110,0,0
1789340191586,135,POST /documents,200,OK,Create Document - carga 1-6,text,true,,259,1113,6,6,135,0,0
1789340191610,123,POST /documents,200,OK,Create Document - carga 1-5,text,true,,259,1113,6,6,123,0,0
1789340191639,162,POST /documents,200,OK,Create Document - carga 1-1,text,true,,259,1113,6,6,161,0,0
1789340191670,131,POST /documents,200,OK,Create Document - carga 1-2,text,true,,259,1113,6,6,130,0,0
1789340191702,123,POST /documents,200,OK,Create Document - carga 1-3,text,true,,259,1113,6,6,123,0,0
1789340191709,118,POST /documents,200,OK,Create Document - carga 1-4,text,true,,259,1113,6,6,117,0,0
1789340191767,189,POST /documents,200,OK,Create Document - carga 1-5,text,true,,259,1113,6,6,189,0,0
1789340191833,123,POST /documents,200,OK,Create Document - carga 1-1,text,true,,259,1113,6,6,123,0,0
1789340191851,122,POST /documents,200,OK,Create Document - carga 1-2,text,true,,259,1113,6,6,121,0,0
1789340191750,227,POST /documents,200,OK,Create Document - carga 1-6,text,true,,259,1113,6,6,227,0,0
1789340191903,113,POST /documents,200,OK,Create Document - carga 1-3,text,true,,259,1113,6,6,112,0,0
1789340191853,199,POST /documents,200,OK,Create Document - carga 1-4,text,true,,259,1113,6,6,199,0,0
1789340191977,144,POST /documents,200,OK,Create Document - carga 1-1,text,true,,259,1113,6,6,144,0,0
1789340192071,115,POST /documents,200,OK,Create Document - carga 1-4,text,true,,259,1113,6,6,115,0,0
1789340191976,210,POST /documents,200,OK,Create Document - carga 1-2,text,true,,259,1113,6,6,210,0,0
1789340192053,133,POST /documents,200,OK,Create Document - carga 1-5,text,true,,259,1113,6,6,133,0,0
1789340192055,131,POST /documents,200,OK,Create Document - carga 1-6,text,true,,259,1113,6,6,130,0,0
1789340192050,170,POST /documents,200,OK,Create Document - carga 1-3,text,true,,259,1113,6,6,170,0,0
1789340192168,139,POST /documents,200,OK,Create Document - carga 1-1,text,true,,259,1113,6,6,139,0,0
1789340192217,115,POST /documents,200,OK,Create Document - carga 1-6,text,true,,259,1113,6,6,114,0,0
1789340192257,123,POST /documents,200,OK,Create Document - carga 1-2,text,true,,259,1113,6,6,123,0,0
1789340192223,163,POST /documents,200,OK,Create Document - carga 1-4,text,true,,259,1113,6,6,163,0,0
1789340192267,123,POST /documents,200,OK,Create Document - carga 1-3,text,true,,259,1113,6,6,123,0,0
1789340192280,116,POST /documents,200,OK,Create Document - carga 1-5,text,true,,259,1113,6,6,115,0,0
1789340192324,116,POST /documents,200,OK,Create Document - carga 1-1,text,true,,259,1113,6,6,116,0,0
1789340192399,117,POST /documents,200,OK,Create Document - carga 1-4,text,true,,259,1113,6,6,117,0,0
1789340192405,115,POST /documents,200,OK,Create Document - carga 1-5,text,true,,259,1113,6,6,114,0,0
1789340192414,113,POST /documents,200,OK,Create Document - carga 1-2,text,true,,259,1113,6,6,113,0,0
1789340192417,113,POST /documents,200,OK,Create Document - carga 1-6,text,true,,259,1113,6,6,112,0,0
1789340192480,133,POST /documents,200,OK,Create Document - carga 1-3,text,true,,259,1113,6,6,133,0,0
1789340192511,117,POST /documents,200,OK,Create Document - carga 1-1,text,true,,259,1113,6,6,116,0,0
1789340192531,118,POST /documents,200,OK,Create Document - carga 1-2,text,true,,259,1113,6,6,117,0,0
1789340192539,171,POST /documents,200,OK,Create Document - carga 1-4,text,true,,259,1113,6,6,171,0,0
1789340192615,129,POST /documents,200,OK,Create Document - carga 1-5,text,true,,259,1113,6,6,129,0,0
1789340192649,125,POST /documents,200,OK,Create Document - carga 1-1,text,true,,259,1113,6,6,125,0,0
1789340192623,166,POST /documents,200,OK,Create Document - carga 1-6,text,true,,259,1113,6,6,166,0,0
1789340192708,124,POST /documents,200,OK,Create Document - carga 1-3,text,true,,259,1113,6,6,124,0,0
1789340192728,121,POST /documents,200,OK,Create Document - carga 1-2,text,true,,259,1113,6,6,121,0,0
1789340192721,162,POST /documents,200,OK,Create Document - carga 1-4,text,true,,259,1113,6,6,162,0,0
1789340192801,117,POST /documents,200,OK,Create Document - carga 1-6,text,true,,259,1113,6,6,117,0,0
1789340192874,119,POST /documents,200,OK,Create Document - carga 1-1,text,true,,259,1113,7,7,119,0,0
1789340192886,166,POST /documents,200,OK,Create Document - carga 1-4,text,true,,259,1113,7,7,163,0,0
1789340192873,180,POST /documents,200,OK,Create Document - carga 1-3,text,true,,259,1113,7,7,180,0,0
1789340192925,156,POST /documents,200,OK,Create Document - carga 1-6,text,true,,259,1113,7,7,156,0,0
1789340192913,192,POST /documents,200,OK,Create Document - carga 1-2,text,true,,259,1113,7,7,191,0,0
1789340193059,150,POST /documents,200,OK,Create Document - carga 1-4,text,true,,259,1113,7,7,150,0,0
1789340193054,155,POST /documents,200,OK,Create Document - carga 1-1,text,true,,259,1113,7,7,155,0,0
1789340193108,115,POST /documents,200,OK,Create Document - carga 1-3,text,true,,259,1113,7,7,115,0,0
1789340193147,122,POST /documents,200,OK,Create Document - carga 1-2,text,true,,259,1113,7,7,122,0,0
1789340193180,119,POST /documents,200,OK,Create Document - carga 1-6,text,true,,259,1113,7,7,119,0,0
1789340193032,324,POST /documents,200,OK,Create Document - carga 1-7,text,true,,259,1113,7,7,324,0,197
1789340193235,122,POST /documents,200,OK,Create Document - carga 1-1,text,true,,259,1113,7,7,122,0,0
1789340192828,545,POST /documents,200,OK,Create Document - carga 1-5,text,true,,259,1113,7,7,111,0,0
1789340193268,122,POST /documents,200,OK,Create Document - carga 1-3,text,true,,259,1113,7,7,122,0,0
1789340193310,121,POST /documents,200,OK,Create Document - carga 1-4,text,true,,259,1113,7,7,121,0,0
1789340193364,112,POST /documents,200,OK,Create Document - carga 1-6,text,true,,259,1113,7,7,111,0,0
1789340193367,125,POST /documents,200,OK,Create Document - carga 1-2,text,true,,259,1113,7,7,125,0,0
1789340193398,117,POST /documents,200,OK,Create Document - carga 1-5,text,true,,259,1113,7,7,117,0,0
1789340193409,124,POST /documents,200,OK,Create Document - carga 1-7,text,true,,259,1113,7,7,124,0,0
1789340193482,113,POST /documents,200,OK,Create Document - carga 1-6,text,true,,259,1113,7,7,113,0,0
1789340193524,118,POST /documents,200,OK,Create Document - carga 1-5,text,true,,259,1113,7,7,118,0,0
1789340193435,221,POST /documents,200,OK,Create Document - carga 1-1,text,true,,259,1113,7,7,220,0,0
1789340193463,195,POST /documents,200,OK,Create Document - carga 1-4,text,true,,259,1113,7,7,195,0,0
1789340193553,111,POST /documents,200,OK,Create Document - carga 1-2,text,true,,259,1113,7,7,110,0,0
1789340193469,285,POST /documents,200,OK,Create Document - carga 1-3,text,true,,259,1113,7,7,285,0,0
1789340193658,121,POST /documents,200,OK,Create Document - carga 1-5,text,true,,259,1113,7,7,121,0,0
1789340193669,115,POST /documents,200,OK,Create Document - carga 1-4,text,true,,259,1113,7,7,115,0,0
1789340193590,221,POST /documents,200,OK,Create Document - carga 1-7,text,true,,259,1113,7,7,150,0,0
1789340193638,222,POST /documents,200,OK,Create Document - carga 1-6,text,true,,259,1113,7,7,222,0,0
1789340193757,121,POST /documents,200,OK,Create Document - carga 1-3,text,true,,259,1113,7,7,121,0,0
1789340193659,264,POST /documents,200,OK,Create Document - carga 1-1,text,true,,259,1113,7,7,262,0,0
1789340193844,133,POST /documents,200,OK,Create Document - carga 1-7,text,true,,259,1113,7,7,133,0,0
1789340193806,171,POST /documents,200,OK,Create Document - carga 1-5,text,true,,259,1113,7,7,171,0,0
1789340193728,288,POST /documents,200,OK,Create Document - carga 1-2,text,true,,259,1113,7,7,288,0,0
1789340193794,228,POST /documents,200,OK,Create Document - carga 1-4,text,true,,259,1113,7,7,227,0,0
1789340193913,114,POST /documents,200,OK,Create Document - carga 1-6,text,true,,259,1113,7,7,113,0,0
1789340193897,136,POST /documents,200,OK,Create Document - carga 1-3,text,true,,259,1113,7,7,136,0,0
1789340193994,115,POST /documents,200,OK,Create Document - carga 1-7,text,true,,259,1113,7,7,115,0,0
1789340193997,144,POST /documents,200,OK,Create Document - carga 1-1,text,true,,259,1113,7,7,140,0,0
1789340194046,117,POST /documents,200,OK,Create Document - carga 1-5,text,true,,259,1113,7,7,116,0,0
1789340194126,115,POST /documents,200,OK,Create Document - carga 1-7,text,true,,259,1113,7,7,115,0,0
1789340194043,206,POST /documents,200,OK,Create Document - carga 1-6,text,true,,259,1113,7,7,206,0,0
1789340194042,216,POST /documents,200,OK,Create Document - carga 1-4,text,true,,259,1113,7,7,216,0,0
1789340194048,214,POST /documents,200,OK,Create Document - carga 1-2,text,true,,259,1113,7,7,214,0,0
1789340194185,113,POST /documents,200,OK,Create Document - carga 1-5,text,true,,259,1113,7,7,113,0,0
1789340194133,229,POST /documents,200,OK,Create Document - carga 1-3,text,true,,259,1113,7,7,228,0,0
1789340194312,118,POST /documents,200,OK,Create Document - carga 1-5,text,true,,259,1113,7,7,117,0,0
1789340194240,226,POST /documents,200,OK,Create Document - carga 1-1,text,true,,259,1113,7,7,226,0,0
1789340194298,180,POST /documents,200,OK,Create Document - carga 1-2,text,true,,259,1113,7,7,118,0,0
1789340194294,186,POST /documents,200,OK,Create Document - carga 1-6,text,true,,259,1113,7,7,186,0,0
1789340194286,195,POST /documents,200,OK,Create Document - carga 1-7,text,true,,259,1113,7,7,194,0,0
1789340194298,184,POST /documents,200,OK,Create Document - carga 1-4,text,true,,259,1113,7,7,184,0,0
1789340194431,120,POST /documents,200,OK,Create Document - carga 1-3,text,true,,259,1113,7,7,120,0,0
1789340194482,119,POST /documents,200,OK,Create Document - carga 1-2,text,true,,259,1113,7,7,119,0,0
1789340194507,126,POST /documents,200,OK,Create Document - carga 1-5,text,true,,259,1113,7,7,124,0,0
1789340194545,114,POST /documents,200,OK,Create Document - carga 1-6,text,true,,259,1113,7,7,112,0,0
1789340194554,121,POST /documents,200,OK,Create Document - carga 1-1,text,true,,259,1113,7,7,121,0,0
1789340194572,112,POST /documents,200,OK,Create Document - carga 1-7,text,true,,259,1113,7,7,111,0,0
1789340194582,113,POST /documents,200,OK,Create Document - carga 1-4,text,true,,259,1113,7,7,113,0,0
1789340194601,123,POST /documents,200,OK,Create Document - carga 1-3,text,true,,259,1113,7,7,123,0,0
1789340194642,118,POST /documents,200,OK,Create Document - carga 1-2,text,true,,259,1113,7,7,118,0,0
1789340194673,113,POST /documents,200,OK,Create Document - carga 1-5,text,true,,259,1113,7,7,113,0,0
1789340194716,115,POST /documents,200,OK,Create Document - carga 1-6,text,true,,259,1113,7,7,115,0,0
1789340194741,119,POST /documents,200,OK,Create Document - carga 1-4,text,true,,259,1113,7,7,119,0,0
1789340194790,120,POST /documents,200,OK,Create Document - carga 1-3,text,true,,259,1113,7,7,120,0,0
1789340194759,154,POST /documents,200,OK,Create Document - carga 1-1,text,true,,259,1113,7,7,154,0,0
1789340194770,153,POST /documents,200,OK,Create Document - carga 1-7,text,true,,259,1113,7,7,153,0,0
1789340194830,131,POST /documents,200,OK,Create Document - carga 1-5,text,true,,259,1113,7,7,131,0,0
1789340194849,117,POST /documents,200,OK,Create Document - carga 1-2,text,true,,259,1113,7,7,117,0,0
1789340194877,117,POST /documents,200,OK,Create Document - carga 1-6,text,true,,259,1113,8,8,117,0,0
1789340194894,110,POST /documents,200,OK,Create Document - carga 1-4,text,true,,259,1113,8,8,107,0,0
1789340194980,117,POST /documents,200,OK,Create Document - carga 1-3,text,true,,259,1113,8,8,117,0,0
1789340194973,126,POST /documents,200,OK,Create Document - carga 1-7,text,true,,259,1113,8,8,124,0,0
1789340194987,119,POST /documents,200,OK,Create Document - carga 1-1,text,true,,259,1113,8,8,119,0,0
1789340194977,143,POST /documents,200,OK,Create Document - carga 1-5,text,true,,259,1113,8,8,143,0,0
1789340195042,124,POST /documents,200,OK,Create Document - carga 1-4,text,true,,259,1113,8,8,124,0,0
1789340195098,112,POST /documents,200,OK,Create Document - carga 1-6,text,true,,259,1113,8,8,112,0,0
1789340195066,151,POST /documents,200,OK,Create Document - carga 1-2,text,true,,259,1113,8,8,151,0,0
1789340195172,117,POST /documents,200,OK,Create Document - carga 1-7,text,true,,259,1113,8,8,117,0,0
1789340195182,123,POST /documents,200,OK,Create Document - carga 1-1,text,true,,259,1113,8,8,123,0,0
1789340195139,190,POST /documents,200,OK,Create Document - carga 1-5,text,true,,259,1113,8,8,190,0,0
1789340195177,154,POST /documents,200,OK,Create Document - carga 1-3,text,true,,259,1113,8,8,154,0,0
1789340195232,112,POST /documents,200,OK,Create Document - carga 1-4,text,true,,259,1113,8,8,112,0,0
1789340195257,117,POST /documents,200,OK,Create Document - carga 1-6,text,true,,259,1113,8,8,117,0,0
1789340195031,358,POST /documents,200,OK,Create Document - carga 1-8,text,true,,259,1113,8,8,358,0,231
1789340195302,116,POST /documents,200,OK,Create Document - carga 1-2,text,true,,259,1113,8,8,116,0,0
1789340195384,126,POST /documents,200,OK,Create Document - carga 1-6,text,true,,259,1113,8,8,126,0,0
1789340195399,111,POST /documents,200,OK,Create Document - carga 1-5,text,true,,259,1113,8,8,111,0,0
1789340195425,129,POST /documents,200,OK,Create Document - carga 1-3,text,true,,259,1113,8,8,129,0,0
1789340195435,128,POST /documents,200,OK,Create Document - carga 1-4,text,true,,259,1113,8,8,128,0,0
1789340195492,113,POST /documents,200,OK,Create Document - carga 1-2,text,true,,259,1113,8,8,113,0,0
1789340195340,276,POST /documents,200,OK,Create Document - carga 1-7,text,true,,259,1113,8,8,275,0,0
1789340195371,251,POST /documents,200,OK,Create Document - carga 1-1,text,true,,259,1113,8,8,251,0,0
1789340195417,207,POST /documents,200,OK,Create Document - carga 1-8,text,true,,259,1113,8,8,207,0,0
1789340195588,124,POST /documents,200,OK,Create Document - carga 1-3,text,true,,259,1113,8,8,124,0,0
1789340195597,115,POST /documents,200,OK,Create Document - carga 1-4,text,true,,259,1113,8,8,115,0,0
1789340195599,117,POST /documents,200,OK,Create Document - carga 1-5,text,true,,259,1113,8,8,115,0,0
1789340195528,197,POST /documents,200,OK,Create Document - carga 1-6,text,true,,259,1113,8,8,197,0,0
1789340195625,170,POST /documents,200,OK,Create Document - carga 1-1,text,true,,259,1113,8,8,170,0,0
1789340195710,122,POST /documents,200,OK,Create Document - carga 1-7,text,true,,259,1113,8,8,122,0,0
1789340195802,119,POST /documents,200,OK,Create Document - carga 1-5,text,true,,259,1113,8,8,119,0,0
1789340195799,120,POST /documents,200,OK,Create Document - carga 1-4,text,true,,259,1113,8,8,119,0,0
1789340195714,218,POST /documents,200,OK,Create Document - carga 1-8,text,true,,259,1113,8,8,218,0,0
1789340195855,118,POST /documents,200,OK,Create Document - carga 1-1,text,true,,259,1113,8,8,118,0,0
1789340195673,301,POST /documents,200,OK,Create Document - carga 1-2,text,true,,259,1113,8,8,301,0,0
1789340195898,113,POST /documents,200,OK,Create Document - carga 1-7,text,true,,259,1113,8,8,113,0,0
1789340195770,241,POST /documents,200,OK,Create Document - carga 1-3,text,true,,259,1113,8,8,241,0,0
1789340195761,311,POST /documents,200,OK,Create Document - carga 1-6,text,true,,259,1113,8,8,311,0,0
1789340196018,108,POST /documents,200,OK,Create Document - carga 1-4,text,true,,259,1113,8,8,108,0,0
1789340195973,158,POST /documents,200,OK,Create Document - carga 1-5,text,true,,259,1113,8,8,158,0,0
1789340196032,126,POST /documents,200,OK,Create Document - carga 1-8,text,true,,259,1113,8,8,126,0,0
1789340196046,128,POST /documents,200,OK,Create Document - carga 1-2,text,true,,259,1113,8,8,128,0,0
1789340196059,120,POST /documents,200,OK,Create Document - carga 1-1,text,true,,259,1113,8,8,120,0,0
1789340196100,126,POST /documents,200,OK,Create Document - carga 1-3,text,true,,259,1113,8,8,126,0,0
1789340196105,121,POST /documents,200,OK,Create Document - carga 1-7,text,true,,259,1113,8,8,121,0,0
1789340196150,113,POST /documents,200,OK,Create Document - carga 1-6,text,true,,259,1113,8,8,113,0,0
1789340196185,112,POST /documents,200,OK,Create Document - carga 1-1,text,true,,259,1113,8,8,112,0,0
1789340196197,116,POST /documents,200,OK,Create Document - carga 1-5,text,true,,259,1113,8,8,116,0,0
1789340196196,117,POST /documents,200,OK,Create Document - carga 1-4,text,true,,259,1113,8,8,117,0,0
1789340196191,136,POST /documents,200,OK,Create Document - carga 1-8,text,true,,259,1113,8,8,135,0,0
1789340196228,109,POST /documents,200,OK,Create Document - carga 1-2,text,true,,259,1113,8,8,109,0,0
1789340196283,111,POST /documents,200,OK,Create Document - carga 1-6,text,true,,259,1113,7,7,111,0,0
1789340196277,119,POST /documents,200,OK,Create Document - carga 1-7,text,true,,259,1113,7,7,119,0,0
1789340196297,111,POST /documents,200,OK,Create Document - carga 1-3,text,true,,259,1113,7,7,111,0,0
1789340196332,118,POST /documents,200,OK,Create Document - carga 1-1,text,true,,259,1113,6,6,118,0,0
1789340196333,119,POST /documents,200,OK,Create Document - carga 1-5,text,true,,259,1113,6,6,119,0,0
1789340196392,113,POST /documents,200,OK,Create Document - carga 1-4,text,true,,259,1113,5,5,113,0,0
1789340196412,112,POST /documents,200,OK,Create Document - carga 1-7,text,true,,259,1113,4,4,112,0,0
1789340196411,137,POST /documents,200,OK,Create Document - carga 1-8,text,true,,259,1113,4,4,137,0,0
1789340196430,158,POST /documents,200,OK,Create Document - carga 1-6,text,true,,259,1113,4,4,158,0,0
1789340196529,121,POST /documents,200,OK,Create Document - carga 1-5,text,true,,259,1113,4,4,121,0,0
1789340196565,155,POST /documents,200,OK,Create Document - carga 1-7,text,true,,259,1113,4,4,155,0,0
1789340196647,121,POST /documents,200,OK,Create Document - carga 1-8,text,true,,259,1113,4,4,121,0,0
1789340196653,115,POST /documents,200,OK,Create Document - carga 1-6,text,true,,259,1113,4,4,115,0,0
1789340196672,118,POST /documents,200,OK,Create Document - carga 1-5,text,true,,259,1113,4,4,118,0,0
1789340196754,135,POST /documents,200,OK,Create Document - carga 1-7,text,true,,259,1113,4,4,135,0,0
1789340196810,131,POST /documents,200,OK,Create Document - carga 1-5,text,true,,259,1113,4,4,131,0,0
1789340196831,116,POST /documents,200,OK,Create Document - carga 1-6,text,true,,259,1113,4,4,115,0,0
1789340196890,111,POST /documents,200,OK,Create Document - carga 1-7,text,true,,259,1113,5,5,111,0,0
1789340196867,179,POST /documents,200,OK,Create Document - carga 1-8,text,true,,259,1113,5,5,179,0,0
1789340196946,155,POST /documents,200,OK,Create Document - carga 1-5,text,true,,259,1113,5,5,155,0,0
1789340197013,116,POST /documents,200,OK,Create Document - carga 1-6,text,true,,259,1113,5,5,116,0,0
1789340197016,115,POST /documents,200,OK,Create Document - carga 1-7,text,true,,259,1113,5,5,115,0,0
1789340197079,131,POST /documents,200,OK,Create Document - carga 1-8,text,true,,259,1113,5,5,131,0,0
1789340197182,130,POST /documents,200,OK,Create Document - carga 1-7,text,true,,259,1113,5,5,130,0,0
1789340197196,116,POST /documents,200,OK,Create Document - carga 1-5,text,true,,259,1113,5,5,116,0,0
1789340197200,195,POST /documents,200,OK,Create Document - carga 1-6,text,true,,259,1113,5,5,188,0,0
1789340197219,200,POST /documents,200,OK,Create Document - carga 1-8,text,true,,259,1113,5,5,199,0,0
1789340197317,114,POST /documents,200,OK,Create Document - carga 1-5,text,true,,259,1113,5,5,113,0,0
1789340197016,460,POST /documents,200,OK,Create Document - carga 1-9,text,true,,259,1113,5,5,460,0,198
1789340197410,113,POST /documents,200,OK,Create Document - carga 1-6,text,true,,259,1113,5,5,112,0,0
1789340197477,122,POST /documents,200,OK,Create Document - carga 1-5,text,true,,259,1113,5,5,122,0,0
1789340197363,255,POST /documents,200,OK,Create Document - carga 1-7,text,true,,259,1113,5,5,255,0,0
1789340197504,141,POST /documents,200,OK,Create Document - carga 1-8,text,true,,259,1113,5,5,141,0,0
1789340197555,123,POST /documents,200,OK,Create Document - carga 1-9,text,true,,259,1113,5,5,123,0,0
1789340197545,187,POST /documents,200,OK,Create Document - carga 1-6,text,true,,259,1113,5,5,187,0,0
1789340197652,153,POST /documents,200,OK,Create Document - carga 1-7,text,true,,259,1113,5,5,153,0,0
1789340197712,120,POST /documents,200,OK,Create Document - carga 1-9,text,true,,259,1113,5,5,119,0,0
1789340197696,136,POST /documents,200,OK,Create Document - carga 1-5,text,true,,259,1113,5,5,135,0,0
1789340197710,130,POST /documents,200,OK,Create Document - carga 1-8,text,true,,259,1113,5,5,129,0,0
1789340197769,131,POST /documents,200,OK,Create Document - carga 1-6,text,true,,259,1113,5,5,130,0,0
1789340197876,120,POST /documents,200,OK,Create Document - carga 1-9,text,true,,259,1113,5,5,119,0,0
1789340197890,113,POST /documents,200,OK,Create Document - carga 1-7,text,true,,259,1113,5,5,113,0,0
1789340197842,184,POST /documents,200,OK,Create Document - carga 1-5,text,true,,259,1113,5,5,184,0,0
1789340197925,190,POST /documents,200,OK,Create Document - carga 1-8,text,true,,259,1113,5,5,190,0,0
1789340197918,231,POST /documents,200,OK,Create Document - carga 1-6,text,true,,259,1113,5,5,230,0,0
1789340198077,157,POST /documents,200,OK,Create Document - carga 1-9,text,true,,259,1113,5,5,157,0,0
1789340198119,117,POST /documents,200,OK,Create Document - carga 1-5,text,true,,259,1113,5,5,116,0,0
1789340198077,187,POST /documents,200,OK,Create Document - carga 1-7,text,true,,259,1113,5,5,187,0,0
1789340198146,178,POST /documents,200,OK,Create Document - carga 1-8,text,true,,259,1113,5,5,178,0,0
1789340198221,116,POST /documents,200,OK,Create Document - carga 1-6,text,true,,259,1113,5,5,116,0,0
1789340198283,110,POST /documents,200,OK,Create Document - carga 1-9,text,true,,259,1113,5,5,110,0,0
1789340198332,123,POST /documents,200,OK,Create Document - carga 1-7,text,true,,259,1113,5,5,118,0,0
1789340198430,112,POST /documents,200,OK,Create Document - carga 1-6,text,true,,259,1113,5,5,112,0,0
1789340198335,213,POST /documents,200,OK,Create Document - carga 1-5,text,true,,259,1113,5,5,135,0,0
1789340198531,114,POST /documents,200,OK,Create Document - carga 1-7,text,true,,259,1113,4,4,114,0,0
1789340198411,249,POST /documents,200,OK,Create Document - carga 1-9,text,true,,259,1113,4,4,246,0,0
1789340198383,283,POST /documents,200,OK,Create Document - carga 1-8,text,true,,259,1113,4,4,283,0,0
1789340198629,113,POST /documents,200,OK,Create Document - carga 1-6,text,true,,259,1113,4,4,113,0,0
1789340198751,115,POST /documents,200,OK,Create Document - carga 1-6,text,true,,259,1113,4,4,115,0,0
1789340198741,126,POST /documents,200,OK,Create Document - carga 1-9,text,true,,259,1113,4,4,125,0,0
1789340198741,126,POST /documents,200,OK,Create Document - carga 1-7,text,true,,259,1113,4,4,125,0,0
1789340198755,124,POST /documents,200,OK,Create Document - carga 1-8,text,true,,259,1113,4,4,124,0,0
1789340198916,109,POST /documents,200,OK,Create Document - carga 1-6,text,true,,259,1113,5,5,109,0,0
1789340198901,134,POST /documents,200,OK,Create Document - carga 1-8,text,true,,259,1113,5,5,128,0,0
1789340198931,113,POST /documents,200,OK,Create Document - carga 1-7,text,true,,259,1113,5,5,112,0,0
1789340198938,116,POST /documents,200,OK,Create Document - carga 1-9,text,true,,259,1113,5,5,116,0,0
1789340199071,124,POST /documents,200,OK,Create Document - carga 1-8,text,true,,259,1113,5,5,124,0,0
1789340199107,115,POST /documents,200,OK,Create Document - carga 1-6,text,true,,259,1113,5,5,114,0,0
1789340199125,118,POST /documents,200,OK,Create Document - carga 1-9,text,true,,259,1113,5,5,117,0,0
1789340199138,113,POST /documents,200,OK,Create Document - carga 1-7,text,true,,259,1113,5,5,113,0,0
1789340199217,135,POST /documents,200,OK,Create Document - carga 1-8,text,true,,259,1113,5,5,135,0,0
1789340199044,309,POST /documents,200,OK,Create Document - carga 1-10,text,true,,259,1113,5,5,309,0,190
1789340199274,118,POST /documents,200,OK,Create Document - carga 1-9,text,true,,259,1113,5,5,118,0,0
1789340199305,116,POST /documents,200,OK,Create Document - carga 1-6,text,true,,259,1113,5,5,116,0,0
1789340199349,113,POST /documents,200,OK,Create Document - carga 1-7,text,true,,259,1113,5,5,113,0,0
1789340199390,131,POST /documents,200,OK,Create Document - carga 1-8,text,true,,259,1113,5,5,131,0,0
1789340199422,112,POST /documents,200,OK,Create Document - carga 1-9,text,true,,259,1113,5,5,112,0,0
1789340199431,114,POST /documents,200,OK,Create Document - carga 1-10,text,true,,259,1113,5,5,114,0,0
1789340199492,122,POST /documents,200,OK,Create Document - carga 1-7,text,true,,259,1113,5,5,122,0,0
1789340199520,112,POST /documents,200,OK,Create Document - carga 1-6,text,true,,259,1113,5,5,112,0,0
1789340199524,129,POST /documents,200,OK,Create Document - carga 1-8,text,true,,259,1113,5,5,129,0,0
1789340199626,114,POST /documents,200,OK,Create Document - carga 1-10,text,true,,259,1113,5,5,114,0,0
1789340199618,122,POST /documents,200,OK,Create Document - carga 1-9,text,true,,259,1113,5,5,122,0,0
1789340199710,116,POST /documents,200,OK,Create Document - carga 1-7,text,true,,259,1113,5,5,116,0,0
1789340199694,136,POST /documents,200,OK,Create Document - carga 1-6,text,true,,259,1113,5,5,136,0,0
1789340199727,130,POST /documents,200,OK,Create Document - carga 1-8,text,true,,259,1113,5,5,130,0,0
1789340199806,114,POST /documents,200,OK,Create Document - carga 1-9,text,true,,259,1113,5,5,114,0,0
1789340199830,112,POST /documents,200,OK,Create Document - carga 1-7,text,true,,259,1113,5,5,112,0,0
1789340199832,114,POST /documents,200,OK,Create Document - carga 1-10,text,true,,259,1113,5,5,114,0,0
1789340199869,113,POST /documents,200,OK,Create Document - carga 1-6,text,true,,259,1113,5,5,112,0,0
1789340199869,126,POST /documents,200,OK,Create Document - carga 1-8,text,true,,259,1113,5,5,125,0,0
1789340199950,118,POST /documents,200,OK,Create Document - carga 1-7,text,true,,259,1113,5,5,118,0,0
1789340200003,122,POST /documents,200,OK,Create Document - carga 1-9,text,true,,259,1113,5,5,122,0,0
1789340200035,108,POST /documents,200,OK,Create Document - carga 1-10,text,true,,259,1113,5,5,108,0,0
1789340200023,134,POST /documents,200,OK,Create Document - carga 1-8,text,true,,259,1113,5,5,134,0,0
1789340200118,121,POST /documents,200,OK,Create Document - carga 1-7,text,true,,259,1113,5,5,121,0,0
1789340200211,109,POST /documents,200,OK,Create Document - carga 1-10,text,true,,259,1113,5,5,109,0,0
1789340200142,234,POST /documents,200,OK,Create Document - carga 1-9,text,true,,259,1113,5,5,234,0,0
1789340200286,118,POST /documents,200,OK,Create Document - carga 1-7,text,true,,259,1113,5,5,118,0,0
1789340200027,381,POST /documents,200,OK,Create Document - carga 1-6,text,true,,259,1113,5,5,381,0,0
1789340200253,158,POST /documents,200,OK,Create Document - carga 1-8,text,true,,259,1113,5,5,158,0,0
1789340200423,122,POST /documents,200,OK,Create Document - carga 1-6,text,true,,259,1113,5,5,122,0,0
1789340200343,214,POST /documents,200,OK,Create Document - carga 1-10,text,true,,259,1113,5,5,213,0,0
1789340200477,116,POST /documents,200,OK,Create Document - carga 1-9,text,true,,259,1113,5,5,116,0,0
1789340200571,119,POST /documents,200,OK,Create Document - carga 1-10,text,true,,259,1113,5,5,119,0,0
1789340200484,225,POST /documents,200,OK,Create Document - carga 1-7,text,true,,259,1113,5,5,202,0,0
1789340200476,254,POST /documents,200,OK,Create Document - carga 1-8,text,true,,259,1113,5,5,253,0,0
1789340200621,114,POST /documents,200,OK,Create Document - carga 1-6,text,true,,259,1113,5,5,114,0,0
1789340200638,107,POST /documents,200,OK,Create Document - carga 1-9,text,true,,259,1113,5,5,107,0,0
1789340200731,127,POST /documents,200,OK,Create Document - carga 1-8,text,true,,259,1113,5,5,127,0,0
1789340200771,119,POST /documents,200,OK,Create Document - carga 1-6,text,true,,259,1113,5,5,118,0,0
1789340200785,116,POST /documents,200,OK,Create Document - carga 1-10,text,true,,259,1113,4,4,116,0,0
1789340200763,147,POST /documents,200,OK,Create Document - carga 1-7,text,true,,259,1113,4,4,147,0,0
1789340200820,110,POST /documents,200,OK,Create Document - carga 1-9,text,true,,259,1113,4,4,110,0,0
1789340200924,120,POST /documents,200,OK,Create Document - carga 1-8,text,true,,259,1113,4,4,120,0,0
1789340200959,112,POST /documents,200,OK,Create Document - carga 1-7,text,true,,259,1113,4,4,112,0,0
1789340200981,115,POST /documents,200,OK,Create Document - carga 1-9,text,true,,259,1113,4,4,111,0,0
1789340200978,118,POST /documents,200,OK,Create Document - carga 1-10,text,true,,259,1113,4,4,118,0,0
1789340201054,134,POST /documents,200,OK,Create Document - carga 1-8,text,true,,259,1113,4,4,134,0,0
1789340201099,114,POST /documents,200,OK,Create Document - carga 1-9,text,true,,259,1113,4,4,114,0,0
1789340201111,122,POST /documents,200,OK,Create Document - carga 1-7,text,true,,259,1113,4,4,122,0,0
1789340201176,114,POST /documents,200,OK,Create Document - carga 1-10,text,true,,259,1113,4,4,114,0,0
1789340201216,116,POST /documents,200,OK,Create Document - carga 1-9,text,true,,259,1113,4,4,115,0,0
1789340201261,139,POST /documents,200,OK,Create Document - carga 1-8,text,true,,259,1113,4,4,138,0,0
1789340201321,126,POST /documents,200,OK,Create Document - carga 1-7,text,true,,259,1113,4,4,126,0,0
1789340201337,118,POST /documents,200,OK,Create Document - carga 1-9,text,true,,259,1113,4,4,118,0,0
1789340201360,114,POST /documents,200,OK,Create Document - carga 1-10,text,true,,259,1113,4,4,114,0,0
1789340201485,122,POST /documents,200,OK,Create Document - carga 1-7,text,true,,259,1113,4,4,122,0,0
1789340201417,203,POST /documents,200,OK,Create Document - carga 1-8,text,true,,259,1113,4,4,203,0,0
1789340201548,115,POST /documents,200,OK,Create Document - carga 1-9,text,true,,259,1113,4,4,115,0,0
1789340201529,181,POST /documents,200,OK,Create Document - carga 1-10,text,true,,259,1113,4,4,181,0,0
1789340201623,116,POST /documents,200,OK,Create Document - carga 1-7,text,true,,259,1113,4,4,116,0,0
1789340201634,123,POST /documents,200,OK,Create Document - carga 1-8,text,true,,259,1113,4,4,123,0,0
1789340201673,131,POST /documents,200,OK,Create Document - carga 1-9,text,true,,259,1113,4,4,130,0,0
1789340201770,120,POST /documents,200,OK,Create Document - carga 1-10,text,true,,259,1113,4,4,120,0,0
1789340201800,120,POST /documents,200,OK,Create Document - carga 1-7,text,true,,259,1113,4,4,117,0,0
1789340201822,126,POST /documents,200,OK,Create Document - carga 1-8,text,true,,259,1113,4,4,126,0,0
1789340201853,124,POST /documents,200,OK,Create Document - carga 1-9,text,true,,259,1113,4,4,124,0,0
1789340201910,116,POST /documents,200,OK,Create Document - carga 1-10,text,true,,259,1113,4,4,116,0,0
1789340201935,114,POST /documents,200,OK,Create Document - carga 1-7,text,true,,259,1113,4,4,114,0,0
1789340202024,108,POST /documents,200,OK,Create Document - carga 1-9,text,true,,259,1113,4,4,108,0,0
1789340202044,113,POST /documents,200,OK,Create Document - carga 1-10,text,true,,259,1113,4,4,113,0,0
1789340202039,123,POST /documents,200,OK,Create Document - carga 1-8,text,true,,259,1113,4,4,123,0,0
1789340202144,124,POST /documents,200,OK,Create Document - carga 1-7,text,true,,259,1113,4,4,124,0,0
1789340202217,120,POST /documents,200,OK,Create Document - carga 1-9,text,true,,259,1113,4,4,120,0,0
1789340202230,118,POST /documents,200,OK,Create Document - carga 1-10,text,true,,259,1113,4,4,118,0,0
1789340202251,122,POST /documents,200,OK,Create Document - carga 1-8,text,true,,259,1113,4,4,122,0,0
1789340202311,150,POST /documents,200,OK,Create Document - carga 1-7,text,true,,259,1113,4,4,150,0,0
1789340202416,116,POST /documents,200,OK,Create Document - carga 1-9,text,true,,259,1113,4,4,116,0,0
1789340202429,113,POST /documents,200,OK,Create Document - carga 1-10,text,true,,259,1113,4,4,113,0,0
1789340202462,112,POST /documents,200,OK,Create Document - carga 1-7,text,true,,259,1113,4,4,112,0,0
1789340202451,126,POST /documents,200,OK,Create Document - carga 1-8,text,true,,259,1113,3,3,126,0,0
1789340202607,113,POST /documents,200,OK,Create Document - carga 1-9,text,true,,259,1113,3,3,113,0,0
1789340202641,116,POST /documents,200,OK,Create Document - carga 1-10,text,true,,259,1113,3,3,116,0,0
1789340202650,120,POST /documents,200,OK,Create Document - carga 1-8,text,true,,259,1113,3,3,120,0,0
1789340202826,109,POST /documents,200,OK,Create Document - carga 1-10,text,true,,259,1113,3,3,109,0,0
1789340202744,204,POST /documents,200,OK,Create Document - carga 1-9,text,true,,259,1113,3,3,138,0,0
1789340202807,141,POST /documents,200,OK,Create Document - carga 1-8,text,true,,259,1113,3,3,141,0,0
1789340202954,122,POST /documents,200,OK,Create Document - carga 1-10,text,true,,259,1113,3,3,122,0,0
1789340202973,170,POST /documents,200,OK,Create Document - carga 1-9,text,true,,259,1113,3,3,170,0,0
1789340203048,143,POST /documents,200,OK,Create Document - carga 1-8,text,true,,259,1113,3,3,143,0,0
1789340203154,112,POST /documents,200,OK,Create Document - carga 1-10,text,true,,259,1113,3,3,111,0,0
1789340203174,118,POST /documents,200,OK,Create Document - carga 1-9,text,true,,259,1113,3,3,118,0,0
1789340203252,126,POST /documents,200,OK,Create Document - carga 1-8,text,true,,259,1113,3,3,126,0,0
1789340203351,113,POST /documents,200,OK,Create Document - carga 1-10,text,true,,259,1113,3,3,112,0,0
1789340203394,121,POST /documents,200,OK,Create Document - carga 1-8,text,true,,259,1113,3,3,121,0,0
1789340203337,212,POST /documents,200,OK,Create Document - carga 1-9,text,true,,259,1113,3,3,211,0,0
1789340203516,107,POST /documents,200,OK,Create Document - carga 1-10,text,true,,259,1113,3,3,107,0,0
1789340203627,115,POST /documents,200,OK,Create Document - carga 1-10,text,true,,259,1113,3,3,115,0,0
1789340203578,185,POST /documents,200,OK,Create Document - carga 1-8,text,true,,259,1113,3,3,131,0,0
1789340203623,146,POST /documents,200,OK,Create Document - carga 1-9,text,true,,259,1113,3,3,146,0,0
1789340203803,112,POST /documents,200,OK,Create Document - carga 1-10,text,true,,259,1113,3,3,111,0,0
1789340203811,120,POST /documents,200,OK,Create Document - carga 1-8,text,true,,259,1113,3,3,118,0,0
1789340203823,114,POST /documents,200,OK,Create Document - carga 1-9,text,true,,259,1113,3,3,114,0,0
1789340203951,130,POST /documents,200,OK,Create Document - carga 1-8,text,true,,259,1113,3,3,130,0,0
1789340204009,113,POST /documents,200,OK,Create Document - carga 1-10,text,true,,259,1113,3,3,113,0,0
1789340204041,116,POST /documents,200,OK,Create Document - carga 1-9,text,true,,259,1113,3,3,115,0,0
1789340204183,116,POST /documents,200,OK,Create Document - carga 1-10,text,true,,259,1113,3,3,116,0,0
1789340204191,114,POST /documents,200,OK,Create Document - carga 1-9,text,true,,259,1113,3,3,114,0,0
1789340204178,130,POST /documents,200,OK,Create Document - carga 1-8,text,true,,259,1113,3,3,127,0,0
1789340204332,122,POST /documents,200,OK,Create Document - carga 1-8,text,true,,259,1113,3,3,122,0,0
1789340204379,112,POST /documents,200,OK,Create Document - carga 1-10,text,true,,259,1113,3,3,112,0,0
1789340204383,118,POST /documents,200,OK,Create Document - carga 1-9,text,true,,259,1113,3,3,118,0,0
1789340204494,105,POST /documents,200,OK,Create Document - carga 1-10,text,true,,259,1113,3,3,105,0,0
1789340204538,128,POST /documents,200,OK,Create Document - carga 1-8,text,true,,259,1113,3,3,127,0,0
1789340204600,126,POST /documents,200,OK,Create Document - carga 1-9,text,true,,259,1113,3,3,126,0,0
1789340204663,118,POST /documents,200,OK,Create Document - carga 1-10,text,true,,259,1113,3,3,118,0,0
1789340204817,130,POST /documents,200,OK,Create Document - carga 1-10,text,true,,259,1113,3,3,130,0,0
1789340204771,177,POST /documents,200,OK,Create Document - carga 1-9,text,true,,259,1113,3,3,176,0,0
1789340204765,182,POST /documents,200,OK,Create Document - carga 1-8,text,true,,259,1113,3,3,182,0,0
1789340204968,126,POST /documents,200,OK,Create Document - carga 1-8,text,true,,259,1113,3,3,126,0,0
1789340204992,120,POST /documents,200,OK,Create Document - carga 1-9,text,true,,259,1113,3,3,120,0,0
1789340205000,117,POST /documents,200,OK,Create Document - carga 1-10,text,true,,259,1113,3,3,117,0,0
1789340205128,112,POST /documents,200,OK,Create Document - carga 1-10,text,true,,259,1113,3,3,112,0,0
1789340205168,116,POST /documents,200,OK,Create Document - carga 1-9,text,true,,259,1113,3,3,115,0,0
1789340205184,121,POST /documents,200,OK,Create Document - carga 1-8,text,true,,259,1113,3,3,121,0,0
1789340205312,116,POST /documents,200,OK,Create Document - carga 1-9,text,true,,259,1113,2,2,116,0,0
1789340205320,114,POST /documents,200,OK,Create Document - carga 1-10,text,true,,259,1113,2,2,114,0,0
1789340205458,119,POST /documents,200,OK,Create Document - carga 1-9,text,true,,259,1113,2,2,119,0,0
1789340205520,107,POST /documents,200,OK,Create Document - carga 1-10,text,true,,259,1113,2,2,106,0,0
1789340205648,114,POST /documents,200,OK,Create Document - carga 1-9,text,true,,259,1113,2,2,114,0,0
1789340205669,113,POST /documents,200,OK,Create Document - carga 1-10,text,true,,259,1113,2,2,113,0,0
1789340205845,112,POST /documents,200,OK,Create Document - carga 1-9,text,true,,259,1113,2,2,112,0,0
1789340205869,118,POST /documents,200,OK,Create Document - carga 1-10,text,true,,259,1113,2,2,117,0,0
1789340206028,124,POST /documents,200,OK,Create Document - carga 1-9,text,true,,259,1113,2,2,124,0,0
1789340206074,109,POST /documents,200,OK,Create Document - carga 1-10,text,true,,259,1113,2,2,109,0,0
1789340206238,117,POST /documents,200,OK,Create Document - carga 1-9,text,true,,259,1113,2,2,117,0,0
1789340206271,112,POST /documents,200,OK,Create Document - carga 1-10,text,true,,259,1113,2,2,112,0,0
1789340206386,117,POST /documents,200,OK,Create Document - carga 1-9,text,true,,259,1113,2,2,117,0,0
1789340206450,768,POST /documents,200,OK,Create Document - carga 1-10,text,true,,259,1113,1,1,224,0,0
1789340207275,576,POST /documents,200,OK,Create Document - carga 1-10,text,true,,259,1113,1,1,576,0,0
1789340207912,661,POST /documents,200,OK,Create Document - carga 1-10,text,true,,259,1113,1,1,661,0,0
1789340208599,111,POST /documents,200,OK,Create Document - carga 1-10,text,true,,259,1113,1,1,110,0,0
1789340208748,635,POST /documents,200,OK,Create Document - carga 1-10,text,true,,259,1113,1,1,635,0,0
1789340209428,115,POST /documents,200,OK,Create Document - carga 1-10,text,true,,259,1113,1,1,115,0,0
1789340209570,114,POST /documents,200,OK,Create Document - carga 1-10,text,true,,259,1113,1,1,114,0,0
1789340209763,114,POST /documents,200,OK,Create Document - carga 1-10,text,true,,259,1113,1,1,114,0,0
1789340209880,116,POST /documents,200,OK,Create Document - carga 1-10,text,true,,259,1113,1,1,116,0,0
1789340210007,111,POST /documents,200,OK,Create Document - carga 1-10,text,true,,259,1113,1,1,111,0,0
